t,mean_H2O,mean_CO2,mean_O2,mean_SUGAR,mean_ATP,mean_PROTEIN,mean_MITOGEN
0,1.0,1.0,1.0,1.000057,1.999977,1e-06,0.060942
1,0.9999,0.9999,0.9999,1.000011,1.99975,3e-06,0.060688
2,0.999647,0.999635,0.999635,0.99981,1.999217,6e-06,0.060333
3,0.999289,0.99925,0.999251,0.999503,1.998475,1.1e-05,0.059591
4,0.998779,0.998708,0.998708,0.99904,1.997424,1.7e-05,0.058551
5,0.997997,0.9979,0.997901,0.998292,1.995813,2.5e-05,0.056983
6,0.997468,0.997353,0.997355,0.997792,1.994684,3.4e-05,0.0559
7,0.996811,0.996673,0.996676,0.997156,1.993292,4.7e-05,0.054578
8,0.995956,0.995795,0.995799,0.996311,1.991497,6.3e-05,0.053047
9,0.994954,0.994778,0.994783,0.995301,1.98937,8.1e-05,0.051047
10,0.993857,0.993669,0.993675,0.994185,1.987047,9.9e-05,0.049215
11,0.992711,0.992463,0.992469,0.99303,1.984627,0.00012,0.04719
12,0.991668,0.991416,0.991422,0.99194,1.982341,0.000145,0.045112
13,0.990563,0.990273,0.99028,0.990788,1.979939,0.000176,0.043131
14,0.989165,0.988887,0.988893,0.989321,1.976916,0.000208,0.040788
15,0.988387,0.988107,0.988112,0.988484,1.97512,0.000241,0.039458
16,0.987386,0.987095,0.9871,0.987405,1.972869,0.000278,0.0377
17,0.986681,0.986365,0.98637,0.986618,1.971197,0.000316,0.036369
18,0.985873,0.985522,0.985524,0.985716,1.96932,0.000357,0.034998
19,0.98518,0.984792,0.984794,0.984927,1.96768,0.000402,0.03389
20,0.984338,0.983971,0.983971,0.983946,1.965684,0.000452,0.032476
21,0.983793,0.98343,0.983428,0.98326,1.964272,0.000505,0.031557
22,0.983182,0.982786,0.982781,0.982528,1.962747,0.00056,0.031126
23,0.982985,0.982595,0.982587,0.9822,1.962002,0.000617,0.031158
24,0.982986,0.982596,0.982586,0.98205,1.961664,0.000688,0.031236
25,0.982987,0.982597,0.982585,0.981897,1.961351,0.000759,0.031319
26,0.982988,0.982598,0.982584,0.98172,1.961034,0.000829,0.031425
27,0.982989,0.982599,0.982583,0.981535,1.960717,0.000909,0.03153
28,0.98299,0.9826,0.982582,0.981343,1.960397,0.00099,0.031641
29,0.98299,0.982601,0.982581,0.981153,1.960086,0.001066,0.031754
30,0.982991,0.982602,0.982581,0.980968,1.959785,0.001145,0.031861
31,0.982992,0.982603,0.98258,0.980783,1.959486,0.001222,0.031968
32,0.982993,0.982603,0.982579,0.9806,1.959186,0.001302,0.032072
33,0.982994,0.982604,0.982578,0.980425,1.958902,0.001378,0.032171
34,0.982995,0.982605,0.982577,0.980243,1.958618,0.001458,0.032272
35,0.982995,0.982606,0.982577,0.980063,1.958333,0.001539,0.032371
36,0.982996,0.982606,0.982576,0.979899,1.958053,0.001614,0.032459
37,0.982997,0.982607,0.982575,0.979738,1.957773,0.001694,0.032541
38,0.982997,0.982608,0.982575,0.979568,1.957488,0.001774,0.032631
39,0.982998,0.982608,0.982574,0.979419,1.957214,0.001842,0.032711
40,0.982998,0.982609,0.982574,0.979262,1.956936,0.001917,0.032793
41,0.982999,0.982609,0.982573,0.979099,1.956654,0.001996,0.032877
42,0.982999,0.98261,0.982573,0.978928,1.956369,0.002079,0.032965
43,0.983,0.98261,0.982572,0.978763,1.95608,0.002154,0.033055
44,0.983001,0.982611,0.982571,0.978583,1.955788,0.002233,0.033156
45,0.983002,0.982612,0.98257,0.978412,1.955497,0.00231,0.03325
46,0.983002,0.982613,0.982569,0.978238,1.955203,0.002388,0.033345
47,0.983004,0.982614,0.982568,0.97809,1.954921,0.002458,0.033423
48,0.983004,0.982615,0.982568,0.97794,1.954642,0.002529,0.033502
49,0.983005,0.982616,0.982567,0.9778,1.954359,0.002598,0.033574
50,0.983006,0.982617,0.982566,0.977655,1.954074,0.002673,0.033642
51,0.983007,0.982617,0.982565,0.977521,1.953797,0.002743,0.033706
52,0.983007,0.982617,0.982565,0.977382,1.953522,0.002818,0.033771
53,0.983008,0.982618,0.982564,0.977248,1.95325,0.002893,0.03383
54,0.983009,0.982619,0.982563,0.977115,1.952982,0.002965,0.03389
55,0.983009,0.98262,0.982563,0.976988,1.952711,0.003035,0.033948
56,0.98301,0.98262,0.982562,0.976859,1.952443,0.003112,0.034
57,0.98301,0.98262,0.982562,0.976729,1.952185,0.003183,0.034059
58,0.98301,0.98262,0.982562,0.976604,1.951924,0.003251,0.034116
59,0.98301,0.98262,0.982562,0.976484,1.951668,0.003313,0.034173
60,0.98301,0.982621,0.982562,0.97636,1.951409,0.003382,0.034228
61,0.983011,0.982621,0.982561,0.976235,1.951149,0.003452,0.034283
62,0.983011,0.982621,0.982561,0.976119,1.950887,0.003516,0.034335
63,0.983011,0.982621,0.982561,0.976006,1.950628,0.00358,0.034385
64,0.983011,0.982621,0.982561,0.975902,1.950368,0.00364,0.034428
65,0.983011,0.982621,0.982561,0.975798,1.950107,0.003701,0.034471
66,0.983011,0.982621,0.982561,0.975685,1.94985,0.003774,0.034511
67,0.98301,0.982621,0.982561,0.975575,1.949591,0.00385,0.034545
68,0.98301,0.982621,0.982562,0.975472,1.949331,0.003917,0.034582
69,0.98301,0.982621,0.982562,0.975356,1.949069,0.003991,0.034624
70,0.98301,0.982621,0.982562,0.975251,1.948806,0.004061,0.034658
71,0.983009,0.98262,0.982563,0.975152,1.948547,0.004129,0.034689
72,0.983009,0.982619,0.982563,0.975053,1.948287,0.0042,0.034717
73,0.983008,0.982619,0.982563,0.974968,1.948038,0.004265,0.034738
74,0.983008,0.982618,0.982564,0.974894,1.947794,0.004318,0.034759
75,0.983007,0.982618,0.982565,0.974819,1.947549,0.004375,0.034776
76,0.983007,0.982617,0.982565,0.974728,1.947303,0.004437,0.034806
77,0.983006,0.982617,0.982566,0.97464,1.947056,0.004499,0.034832
78,0.983006,0.982616,0.982566,0.974552,1.946807,0.004562,0.034858
79,0.983005,0.982615,0.982567,0.974466,1.946558,0.00462,0.034885
80,0.983004,0.982615,0.982567,0.974381,1.946307,0.004675,0.034915
81,0.983004,0.982614,0.982568,0.97431,1.946055,0.004726,0.034935
82,0.983003,0.982613,0.982569,0.974232,1.945809,0.004774,0.034966
83,0.983002,0.982612,0.98257,0.974156,1.945568,0.00483,0.034985
84,0.983001,0.982612,0.982571,0.974085,1.945327,0.004882,0.035005
85,0.983,0.982611,0.982571,0.974,1.945084,0.004938,0.035034
86,0.983,0.98261,0.982572,0.973916,1.944841,0.004999,0.035058
87,0.982999,0.982609,0.982573,0.973838,1.944596,0.005051,0.035082
88,0.982998,0.982608,0.982574,0.973765,1.944351,0.005108,0.035099
89,0.982997,0.982607,0.982575,0.973687,1.944105,0.005165,0.03512
90,0.982996,0.982606,0.982576,0.973609,1.943865,0.005219,0.035145
91,0.982995,0.982605,0.982577,0.973543,1.943624,0.005276,0.035154
92,0.982993,0.982604,0.982578,0.973463,1.943382,0.005338,0.035172
93,0.982992,0.982603,0.98258,0.973384,1.94314,0.0054,0.035189
94,0.982991,0.982601,0.982581,0.973308,1.942896,0.005463,0.035203
95,0.98299,0.9826,0.982582,0.973228,1.942652,0.005525,0.035221
96,0.982988,0.982599,0.982584,0.973147,1.942408,0.005588,0.035239
97,0.982987,0.982597,0.982585,0.973066,1.942162,0.005646,0.035261
98,0.982986,0.982596,0.982586,0.973002,1.941916,0.005701,0.035271
99,0.982984,0.982595,0.982588,0.972938,1.941676,0.005756,0.035281
100,0.982983,0.982593,0.982589,0.972868,1.941436,0.005811,0.035296
101,0.982981,0.982591,0.982591,0.972799,1.941201,0.005866,0.03531
102,0.982979,0.982589,0.982593,0.972724,1.940967,0.005926,0.035325
103,0.982977,0.982587,0.982595,0.972646,1.940731,0.005986,0.035345
104,0.982976,0.982586,0.982596,0.972579,1.940502,0.006041,0.035356
105,0.982975,0.982585,0.982597,0.972504,1.940272,0.006101,0.035371
106,0.982974,0.982584,0.982598,0.972441,1.940041,0.006157,0.035378
107,0.982972,0.982583,0.982599,0.972365,1.93981,0.006217,0.035394
108,0.982971,0.982582,0.982601,0.972306,1.939579,0.006274,0.035397
109,0.98297,0.98258,0.982602,0.972234,1.939347,0.006334,0.035409
110,0.982969,0.982579,0.982603,0.972175,1.939114,0.006395,0.035407
111,0.982968,0.982578,0.982604,0.972107,1.938881,0.006452,0.035419
112,0.982966,0.982577,0.982605,0.972052,1.938648,0.006508,0.035418
113,0.982964,0.982575,0.982608,0.971979,1.938421,0.006569,0.03543
114,0.982962,0.982573,0.98261,0.971915,1.938194,0.006631,0.035433
115,0.98296,0.98257,0.982612,0.97185,1.937973,0.006688,0.035441
116,0.982957,0.982567,0.982615,0.97179,1.937759,0.006749,0.03544
117,0.982954,0.982564,0.982618,0.971725,1.937545,0.006806,0.035448
118,0.982951,0.982561,0.982621,0.971669,1.937331,0.006868,0.035443
119,0.982948,0.982559,0.982624,0.971608,1.937116,0.00693,0.035443
120,0.982945,0.982556,0.982627,0.971556,1.9369,0.006992,0.035433
121,0.982942,0.982553,0.982629,0.971517,1.936685,0.00705,0.035414
122,0.98294,0.98255,0.982632,0.971483,1.936468,0.007103,0.035396
123,0.982937,0.982547,0.982635,0.971453,1.936252,0.007157,0.035373
124,0.982934,0.982544,0.982638,0.971422,1.936035,0.007206,0.035355
125,0.982931,0.982542,0.982641,0.971397,1.935818,0.007259,0.035327
126,0.982928,0.982539,0.982644,0.971362,1.935601,0.007313,0.035309
127,0.982926,0.982536,0.982646,0.971331,1.935384,0.007362,0.035291
128,0.982923,0.982533,0.982649,0.971296,1.935173,0.007416,0.035273
129,0.98292,0.98253,0.982652,0.971275,1.934962,0.007465,0.035245
130,0.982917,0.982527,0.982655,0.971244,1.934751,0.007519,0.035223
131,0.982914,0.982525,0.982658,0.971218,1.934539,0.007569,0.0352
132,0.982911,0.982522,0.98266,0.971196,1.934327,0.007618,0.035173
133,0.982909,0.982519,0.982663,0.971169,1.934115,0.007672,0.035146
134,0.982906,0.982516,0.982666,0.971143,1.933903,0.007727,0.035118
135,0.982903,0.982513,0.982669,0.971111,1.933691,0.007781,0.035096
136,0.9829,0.982511,0.982672,0.971084,1.933478,0.007835,0.035069
137,0.982897,0.982508,0.982675,0.971048,1.933265,0.007894,0.035046
138,0.982895,0.982505,0.982677,0.971021,1.933052,0.007949,0.035019
139,0.982892,0.982502,0.98268,0.970994,1.932838,0.007999,0.034997
140,0.982889,0.982499,0.982683,0.970962,1.932625,0.008053,0.034975
141,0.982886,0.982497,0.982686,0.97093,1.932411,0.008108,0.034953
142,0.982883,0.982494,0.982688,0.970907,1.932197,0.008154,0.034931
143,0.982881,0.982491,0.982691,0.970875,1.931982,0.008204,0.034913
144,0.982878,0.982488,0.982694,0.970842,1.931768,0.008259,0.034892
145,0.982875,0.982485,0.982697,0.97081,1.931553,0.008309,0.034874
146,0.982872,0.982483,0.9827,0.970782,1.931338,0.008364,0.034848
147,0.982869,0.98248,0.982702,0.970749,1.931123,0.008419,0.034826
148,0.982867,0.982477,0.982705,0.970721,1.930908,0.008474,0.034799
149,0.982864,0.982474,0.982708,0.970684,1.930692,0.008529,0.034782
150,0.982861,0.982472,0.982711,0.970665,1.930477,0.00857,0.03476
151,0.982858,0.982469,0.982714,0.970632,1.930261,0.008616,0.034747
152,0.982856,0.982466,0.982716,0.970599,1.930045,0.008667,0.03473
153,0.982852,0.982463,0.982719,0.970566,1.929836,0.008717,0.034713
154,0.98285,0.98246,0.982722,0.970542,1.929634,0.008763,0.034692
155,0.982847,0.982457,0.982725,0.970531,1.929432,0.008795,0.034671
156,0.982844,0.982455,0.982728,0.970516,1.929231,0.008837,0.034645
157,0.982842,0.982452,0.98273,0.970501,1.929028,0.008883,0.034615
158,0.982839,0.982449,0.982733,0.970495,1.928826,0.008915,0.034589
159,0.982836,0.982447,0.982736,0.970484,1.928631,0.008952,0.034563
160,0.982833,0.982444,0.982739,0.970478,1.928444,0.008984,0.034537
161,0.98283,0.98244,0.982742,0.970467,1.928256,0.009021,0.034512
162,0.982827,0.982437,0.982745,0.97047,1.928068,0.009045,0.034486
163,0.982824,0.982435,0.982748,0.970464,1.927888,0.009077,0.03446
164,0.982821,0.982432,0.98275,0.970453,1.927708,0.009114,0.034435
165,0.982819,0.982429,0.982753,0.970433,1.927527,0.00916,0.034409
166,0.982817,0.982428,0.982755,0.970426,1.927354,0.009198,0.034379
167,0.982816,0.982426,0.982756,0.970424,1.927181,0.00923,0.034349
168,0.982814,0.982425,0.982758,0.970408,1.927008,0.009272,0.034323
169,0.982813,0.982423,0.982759,0.970391,1.926834,0.009319,0.034293
170,0.982811,0.982421,0.982761,0.97038,1.926661,0.009356,0.034268
171,0.98281,0.98242,0.982762,0.970368,1.926487,0.009393,0.034243
172,0.982808,0.982418,0.982764,0.970361,1.926314,0.009426,0.034218
173,0.982807,0.982417,0.982765,0.970353,1.92614,0.009458,0.034192
174,0.982805,0.982415,0.982767,0.970346,1.925966,0.009491,0.034167
175,0.982804,0.982414,0.982768,0.970334,1.925792,0.009528,0.034142
176,0.982802,0.982412,0.98277,0.970327,1.925618,0.009566,0.034112
177,0.982801,0.982411,0.982771,0.970324,1.925444,0.009603,0.034078
178,0.982799,0.982409,0.982773,0.970312,1.925278,0.00965,0.034043
179,0.982798,0.982408,0.982774,0.9703,1.925111,0.009692,0.034014
180,0.982796,0.982407,0.982776,0.970288,1.924944,0.009734,0.033984
181,0.982796,0.982406,0.982776,0.97028,1.924785,0.009776,0.03395
182,0.982795,0.982405,0.982777,0.970268,1.924626,0.009823,0.033915
183,0.982794,0.982404,0.982778,0.970251,1.924467,0.009874,0.033881
184,0.982793,0.982404,0.982778,0.970239,1.924308,0.009921,0.033847
185,0.982793,0.982403,0.982779,0.970226,1.924148,0.009968,0.033813
186,0.982792,0.982402,0.98278,0.970218,1.923989,0.01001,0.033779
187,0.982791,0.982402,0.982781,0.970201,1.923829,0.010061,0.033744
188,0.982791,0.982401,0.982781,0.970189,1.92367,0.010108,0.03371
189,0.98279,0.9824,0.982782,0.970181,1.92351,0.01015,0.033676
190,0.982789,0.9824,0.982783,0.970168,1.923351,0.010197,0.033642
191,0.982788,0.982399,0.982783,0.970151,1.923191,0.010248,0.033608
192,0.982788,0.982398,0.982784,0.970143,1.923031,0.01029,0.033574
193,0.982787,0.982397,0.982785,0.970139,1.922871,0.010328,0.033541
194,0.982786,0.982397,0.982786,0.970131,1.922711,0.01037,0.033507
195,0.982786,0.982396,0.982786,0.970123,1.922551,0.010412,0.033473
196,0.982785,0.982395,0.982787,0.970115,1.922392,0.010454,0.033439
197,0.982784,0.982395,0.982788,0.970111,1.922231,0.010492,0.033405
198,0.982783,0.982394,0.982788,0.970117,1.922071,0.01052,0.033371
199,0.982783,0.982393,0.982789,0.970113,1.921911,0.010557,0.033338
200,0.982782,0.982392,0.98279,0.970114,1.921751,0.01059,0.033304
201,0.982781,0.982392,0.982791,0.970101,1.921591,0.010637,0.03327
202,0.982781,0.982391,0.982791,0.970097,1.921431,0.010675,0.033237
203,0.98278,0.98239,0.982792,0.970089,1.92127,0.010717,0.033203
204,0.982779,0.98239,0.982793,0.970085,1.92111,0.010754,0.03317
205,0.982778,0.982389,0.982793,0.970081,1.92095,0.010792,0.033136
206,0.982778,0.982388,0.982794,0.970077,1.920789,0.010825,0.033108
207,0.982777,0.982387,0.982795,0.970073,1.920629,0.010862,0.033074
208,0.982776,0.982387,0.982796,0.970069,1.920468,0.0109,0.033041
209,0.982776,0.982386,0.982796,0.97006,1.920308,0.010937,0.033012
210,0.982775,0.982385,0.982797,0.970046,1.920147,0.010984,0.032979
211,0.982774,0.982385,0.982798,0.970033,1.919987,0.011027,0.03295
212,0.982773,0.982384,0.982798,0.970019,1.919826,0.011074,0.032917
213,0.982773,0.982383,0.982799,0.970005,1.919665,0.011121,0.032884
214,0.982772,0.982382,0.9828,0.969991,1.919505,0.011168,0.032851
215,0.982771,0.982382,0.982801,0.969968,1.919344,0.01122,0.032822
216,0.982771,0.982381,0.982801,0.969949,1.919183,0.011272,0.032789
217,0.98277,0.98238,0.982802,0.969921,1.919022,0.011324,0.032766
218,0.982769,0.98238,0.982803,0.969907,1.918869,0.011371,0.032733
219,0.982768,0.982379,0.982804,0.969898,1.918724,0.011413,0.032699
220,0.982767,0.982378,0.982805,0.969894,1.918578,0.011446,0.032671
221,0.982766,0.982377,0.982806,0.969894,1.918433,0.011474,0.032643
222,0.982765,0.982376,0.982807,0.96989,1.918287,0.011502,0.032619
223,0.982764,0.982375,0.982808,0.969876,1.918142,0.01154,0.032596
224,0.982763,0.982374,0.982809,0.969871,1.917996,0.011573,0.032568
225,0.982762,0.982373,0.98281,0.969867,1.91785,0.011605,0.032539
226,0.982761,0.982372,0.982811,0.969862,1.917705,0.011638,0.032511
227,0.98276,0.982371,0.982812,0.969848,1.917559,0.011676,0.032488
228,0.982759,0.98237,0.982813,0.969824,1.917413,0.011723,0.032465
229,0.982758,0.982369,0.982814,0.969801,1.917268,0.01177,0.032441
230,0.982757,0.982368,0.982815,0.969786,1.917122,0.011813,0.032414
231,0.982756,0.982367,0.982816,0.969762,1.916976,0.011855,0.032395
232,0.982755,0.982366,0.982817,0.969743,1.916831,0.011897,0.032372
233,0.982754,0.982365,0.982818,0.969729,1.916685,0.011939,0.032345
234,0.982754,0.982364,0.982818,0.969714,1.916547,0.011982,0.032317
235,0.982753,0.982363,0.982819,0.9697,1.916408,0.012024,0.032289
236,0.982752,0.982363,0.98282,0.96969,1.91627,0.012062,0.032261
237,0.982752,0.982362,0.98282,0.96968,1.916132,0.012099,0.032234
238,0.982751,0.982361,0.982821,0.969676,1.915993,0.012137,0.032201
239,0.98275,0.982361,0.982822,0.969676,1.915855,0.01217,0.032168
240,0.98275,0.98236,0.982822,0.969666,1.915717,0.012212,0.032136
241,0.982749,0.982359,0.982823,0.969661,1.915578,0.01225,0.032103
242,0.982748,0.982359,0.982823,0.969646,1.91544,0.012292,0.032076
243,0.982748,0.982358,0.982824,0.969626,1.915302,0.012339,0.032048
244,0.982747,0.982358,0.982825,0.969621,1.915163,0.012372,0.032021
245,0.982746,0.982357,0.982825,0.969626,1.915025,0.0124,0.031988
246,0.982746,0.982356,0.982826,0.969616,1.914886,0.012438,0.031961
247,0.982745,0.982356,0.982827,0.969596,1.914748,0.012485,0.031934
248,0.982745,0.982355,0.982827,0.96959,1.91461,0.012523,0.031901
249,0.982744,0.982354,0.982828,0.969585,1.914471,0.012561,0.031869
250,0.982743,0.982354,0.982829,0.969584,1.914333,0.012593,0.031837
251,0.982743,0.982353,0.982829,0.969574,1.914194,0.012636,0.031805
252,0.982742,0.982352,0.98283,0.969564,1.914056,0.012678,0.031773
253,0.982743,0.982353,0.982829,0.969559,1.913925,0.012716,0.03174
254,0.982743,0.982354,0.982829,0.969543,1.913794,0.012763,0.031708
255,0.982744,0.982354,0.982828,0.969533,1.913671,0.012801,0.031681
256,0.982744,0.982355,0.982828,0.969527,1.913556,0.012838,0.031649
257,0.982745,0.982355,0.982827,0.969531,1.913441,0.012867,0.031617
258,0.982745,0.982355,0.982827,0.96953,1.913325,0.012899,0.031585
259,0.982745,0.982356,0.982827,0.96952,1.91321,0.012942,0.031553
260,0.982746,0.982356,0.982826,0.969524,1.913095,0.01297,0.03152
261,0.982746,0.982356,0.982826,0.969528,1.912979,0.012998,0.031488
262,0.982746,0.982357,0.982826,0.969531,1.912864,0.013026,0.031457
263,0.982747,0.982357,0.982825,0.969525,1.912749,0.013059,0.03143
264,0.982747,0.982357,0.982825,0.969529,1.912633,0.013087,0.031398
265,0.982747,0.982358,0.982825,0.969528,1.912518,0.01312,0.031366
266,0.982748,0.982358,0.982824,0.969527,1.912402,0.013148,0.031339
267,0.982748,0.982358,0.982824,0.969531,1.912287,0.013176,0.031307
268,0.982748,0.982359,0.982824,0.969529,1.912172,0.013209,0.031275
269,0.982749,0.982359,0.982823,0.969528,1.912056,0.013242,0.031244
270,0.982749,0.982359,0.982823,0.969541,1.911941,0.013261,0.031212
271,0.982749,0.98236,0.982823,0.96954,1.911825,0.013289,0.031185
272,0.98275,0.98236,0.982822,0.969543,1.91171,0.013312,0.031159
273,0.98275,0.98236,0.982822,0.969541,1.911594,0.013345,0.031127
274,0.98275,0.982361,0.982822,0.969535,1.911479,0.013378,0.0311
275,0.982751,0.982361,0.982821,0.969534,1.911364,0.013411,0.031069
276,0.982751,0.982361,0.982821,0.969532,1.911248,0.013439,0.031042
277,0.982751,0.982362,0.982821,0.969545,1.911133,0.013458,0.031011
278,0.982752,0.982362,0.98282,0.969538,1.911017,0.013486,0.030989
279,0.982752,0.982362,0.98282,0.969551,1.910902,0.013504,0.030958
280,0.982752,0.982363,0.982819,0.969559,1.910786,0.013528,0.030926
281,0.982753,0.982363,0.982819,0.969558,1.910671,0.013561,0.030895
282,0.982753,0.982364,0.982819,0.969561,1.910555,0.013589,0.030864
283,0.982754,0.982364,0.982818,0.969564,1.91044,0.013617,0.030832
284,0.982754,0.982364,0.982818,0.969567,1.910324,0.013645,0.030801
285,0.982754,0.982365,0.982818,0.969561,1.910209,0.013683,0.03077
286,0.982755,0.982365,0.982817,0.969549,1.910093,0.013725,0.030738
287,0.982755,0.982365,0.982817,0.969543,1.909978,0.013763,0.030707
288,0.982755,0.982366,0.982817,0.969546,1.909862,0.013791,0.030676
289,0.982756,0.982366,0.982816,0.969544,1.909747,0.013824,0.030645
290,0.982756,0.982366,0.982816,0.969547,1.909631,0.013852,0.030614
291,0.982756,0.982367,0.982815,0.96955,1.909516,0.01388,0.030583
292,0.982757,0.982367,0.982815,0.969552,1.9094,0.013909,0.030552
293,0.982757,0.982368,0.982815,0.969555,1.909284,0.013937,0.030521
294,0.982758,0.982368,0.982814,0.969553,1.909169,0.013965,0.030495
295,0.982758,0.982368,0.982814,0.969555,1.909053,0.013988,0.030469
296,0.982758,0.982369,0.982814,0.969558,1.908938,0.014011,0.030443
297,0.982759,0.982369,0.982813,0.969556,1.908822,0.014039,0.030417
298,0.982759,0.982369,0.982813,0.969544,1.908707,0.014077,0.030391
299,0.982759,0.98237,0.982812,0.969551,1.908591,0.014096,0.030366
300,0.98276,0.98237,0.982812,0.969558,1.908476,0.014114,0.03034
301,0.98276,0.982371,0.982812,0.969565,1.90836,0.014133,0.030314
302,0.982761,0.982371,0.982811,0.969572,1.908244,0.014151,0.030288
303,0.982761,0.982371,0.982811,0.969584,1.908129,0.014165,0.030263
304,0.982761,0.982372,0.982811,0.969596,1.908013,0.014179,0.030237
305,0.982762,0.982372,0.98281,0.969598,1.907898,0.014197,0.030216
306,0.982762,0.982373,0.98281,0.96961,1.907782,0.014211,0.030191
307,0.982763,0.982373,0.982809,0.969612,1.907666,0.014229,0.03017
308,0.982763,0.982373,0.982809,0.969619,1.907551,0.014253,0.03014
309,0.982763,0.982374,0.982809,0.969627,1.907435,0.014276,0.030109
310,0.982764,0.982374,0.982808,0.969634,1.90732,0.014299,0.030078
311,0.982764,0.982375,0.982808,0.969641,1.907204,0.014323,0.030048
312,0.982765,0.982375,0.982807,0.969653,1.907088,0.014341,0.030017
313,0.982765,0.982375,0.982807,0.969665,1.906973,0.01436,0.029987
314,0.982765,0.982376,0.982807,0.969676,1.906857,0.014378,0.029956
315,0.982766,0.982376,0.982806,0.969688,1.906742,0.014397,0.029926
316,0.982766,0.982377,0.982806,0.969695,1.906626,0.01442,0.029896
317,0.982767,0.982377,0.982805,0.969702,1.90651,0.014444,0.029865
318,0.982767,0.982377,0.982805,0.969709,1.906395,0.014467,0.029835
319,0.982767,0.982378,0.982805,0.969706,1.906279,0.0145,0.029805
320,0.982768,0.982378,0.982804,0.969699,1.906163,0.014538,0.029774
321,0.982768,0.982379,0.982804,0.969696,1.906048,0.014571,0.029744
322,0.982769,0.982379,0.982803,0.969698,1.905932,0.014599,0.029714
323,0.982769,0.982379,0.982803,0.969695,1.905816,0.014632,0.029684
324,0.982769,0.98238,0.982802,0.969682,1.905701,0.01467,0.029659
325,0.98277,0.98238,0.982802,0.969669,1.905585,0.014712,0.029629
326,0.98277,0.982381,0.982802,0.969656,1.90547,0.01475,0.029604
327,0.982771,0.982381,0.982801,0.969653,1.905354,0.014778,0.029579
328,0.982771,0.982381,0.982801,0.969645,1.905238,0.014811,0.029554
329,0.982772,0.982383,0.9828,0.969637,1.90513,0.014849,0.029524
330,0.982774,0.982384,0.982798,0.969634,1.90503,0.014882,0.029494
331,0.982775,0.982385,0.982797,0.96963,1.90493,0.014915,0.029464
332,0.982776,0.982386,0.982796,0.969622,1.90483,0.014948,0.029439
333,0.982777,0.982388,0.982795,0.969619,1.90473,0.014981,0.029409
334,0.982779,0.982389,0.982793,0.969615,1.90463,0.01501,0.029384
335,0.98278,0.98239,0.982792,0.969601,1.904529,0.015043,0.029365
336,0.982781,0.982391,0.982791,0.969588,1.904429,0.015076,0.029345
337,0.982782,0.982393,0.98279,0.969584,1.904329,0.015104,0.02932
338,0.982784,0.982394,0.982788,0.969581,1.904229,0.015132,0.029296
339,0.982785,0.982395,0.982787,0.969582,1.904129,0.01516,0.029266
340,0.982786,0.982396,0.982786,0.969583,1.904029,0.015188,0.029236
341,0.982787,0.982398,0.982785,0.969589,1.903929,0.015212,0.029207
342,0.982789,0.982399,0.982783,0.969595,1.903828,0.015235,0.029177
343,0.98279,0.9824,0.982782,0.969601,1.903728,0.015258,0.029148
344,0.982791,0.982401,0.982781,0.969606,1.903628,0.015282,0.029118
345,0.982792,0.982403,0.98278,0.969612,1.903528,0.015306,0.029089
346,0.982793,0.982404,0.982778,0.969613,1.903428,0.015329,0.029065
347,0.982795,0.982405,0.982777,0.969609,1.903328,0.015362,0.029035
348,0.982796,0.982406,0.982776,0.96961,1.903227,0.01539,0.029006
349,0.982797,0.982407,0.982775,0.969606,1.903127,0.015419,0.028982
350,0.982798,0.982409,0.982774,0.969606,1.903027,0.015442,0.028957
351,0.982799,0.98241,0.982772,0.969612,1.902927,0.015465,0.028928
352,0.982801,0.982411,0.982771,0.969608,1.902827,0.015494,0.028904
353,0.982802,0.982412,0.98277,0.969604,1.902727,0.015527,0.028875
354,0.982803,0.982413,0.982769,0.9696,1.902626,0.01556,0.028846
355,0.982804,0.982415,0.982768,0.969596,1.902526,0.015593,0.028816
356,0.982805,0.982416,0.982766,0.969601,1.902426,0.015616,0.028787
357,0.982807,0.982417,0.982765,0.969607,1.902326,0.015639,0.028758
358,0.982808,0.982418,0.982764,0.969612,1.902226,0.015663,0.028729
359,0.982809,0.982419,0.982763,0.969613,1.902126,0.015691,0.0287
360,0.98281,0.982421,0.982762,0.969608,1.902025,0.015724,0.028672
361,0.982811,0.982422,0.982761,0.969609,1.901925,0.015752,0.028643
362,0.982813,0.982423,0.982759,0.969614,1.901825,0.015775,0.028614
363,0.982814,0.982424,0.982758,0.969619,1.901725,0.015799,0.028585
364,0.982815,0.982425,0.982757,0.96962,1.901625,0.015827,0.028556
365,0.982816,0.982426,0.982756,0.969625,1.901524,0.01585,0.028527
366,0.982817,0.982428,0.982755,0.969635,1.901424,0.015869,0.028499
367,0.982818,0.982429,0.982754,0.969645,1.901324,0.015887,0.02847
368,0.98282,0.98243,0.982752,0.969645,1.901224,0.015915,0.028441
369,0.982821,0.982431,0.982751,0.969646,1.901124,0.015944,0.028413
370,0.982822,0.982432,0.98275,0.969646,1.901023,0.015972,0.028384
371,0.982823,0.982433,0.982749,0.969641,1.900923,0.016005,0.028355
372,0.982824,0.982435,0.982748,0.969651,1.900823,0.016023,0.028327
373,0.982825,0.982436,0.982747,0.969656,1.900723,0.016047,0.028298
374,0.982827,0.982437,0.982745,0.969665,1.900623,0.016066,0.02827
375,0.982828,0.982438,0.982744,0.96968,1.900522,0.016079,0.028242
376,0.982829,0.982439,0.982743,0.969694,1.900422,0.016093,0.028213
377,0.98283,0.98244,0.982742,0.969709,1.900322,0.016107,0.028185
378,0.982831,0.982441,0.982741,0.969723,1.900222,0.016121,0.028156
379,0.982832,0.982443,0.98274,0.969732,1.900122,0.016139,0.028128
380,0.982833,0.982444,0.982739,0.969747,1.900021,0.016153,0.0281
381,0.982835,0.982445,0.982737,0.969761,1.899921,0.016167,0.028072
382,0.982836,0.982446,0.982736,0.969771,1.899821,0.016185,0.028043
383,0.982837,0.982448,0.982734,0.969775,1.899728,0.016209,0.028015
384,0.982839,0.98245,0.982733,0.969779,1.899636,0.016233,0.027987
385,0.982842,0.982452,0.98273,0.969787,1.899551,0.016251,0.02796
386,0.982844,0.982454,0.982728,0.969786,1.899466,0.01628,0.027932
387,0.982846,0.982456,0.982726,0.969795,1.899381,0.016299,0.027904
388,0.982848,0.982459,0.982724,0.969803,1.899296,0.016317,0.027877
389,0.982851,0.982461,0.982721,0.969812,1.899211,0.016336,0.027849
390,0.982853,0.982463,0.982719,0.96982,1.899126,0.016355,0.027822
391,0.982855,0.982466,0.982717,0.969834,1.899041,0.016369,0.027794
392,0.982857,0.982468,0.982714,0.969847,1.898956,0.016382,0.027766
393,0.98286,0.98247,0.982712,0.969855,1.898871,0.016401,0.027739
394,0.982862,0.982472,0.98271,0.969873,1.898786,0.01641,0.027711
395,0.982864,0.982475,0.982708,0.969891,1.898701,0.016419,0.027684
396,0.982866,0.982477,0.982706,0.969905,1.898616,0.016433,0.027657
397,0.982869,0.982479,0.982703,0.969922,1.898531,0.016442,0.027629
398,0.982871,0.982481,0.982701,0.96994,1.898446,0.016451,0.027602
399,0.982873,0.982483,0.982699,0.969963,1.898361,0.016455,0.027574
400,0.982875,0.982486,0.982697,0.969986,1.898276,0.01646,0.027547
401,0.982878,0.982488,0.982694,0.970004,1.898191,0.016469,0.02752
402,0.98288,0.98249,0.982692,0.970022,1.898106,0.016478,0.027493
403,0.982882,0.982492,0.98269,0.97004,1.898021,0.016487,0.027465
404,0.982884,0.982495,0.982688,0.970052,1.897936,0.016501,0.027438
405,0.982886,0.982497,0.982685,0.97007,1.897851,0.01651,0.027411
406,0.982889,0.982499,0.982683,0.970083,1.897766,0.016524,0.027384
407,0.982891,0.982501,0.982681,0.970101,1.897682,0.016533,0.027357
408,0.982893,0.982503,0.982679,0.970114,1.897597,0.016546,0.027329
409,0.982895,0.982506,0.982677,0.970132,1.897512,0.016556,0.027302
410,0.982897,0.982508,0.982675,0.970145,1.897434,0.016569,0.027275
411,0.982899,0.982509,0.982673,0.970157,1.897357,0.016583,0.027248
412,0.982901,0.982511,0.982671,0.970175,1.89728,0.016593,0.027221
413,0.982903,0.982513,0.982669,0.970183,1.897203,0.016612,0.027194
414,0.982904,0.982515,0.982667,0.970196,1.897125,0.016626,0.027167
415,0.982906,0.982517,0.982666,0.970208,1.897048,0.01664,0.02714
416,0.982908,0.982519,0.982664,0.970221,1.896971,0.016654,0.027113
417,0.98291,0.98252,0.982662,0.970229,1.896894,0.016672,0.027086
418,0.982912,0.982522,0.98266,0.970242,1.896817,0.016686,0.027059
419,0.982914,0.982524,0.982658,0.970255,1.896739,0.0167,0.027032
420,0.982915,0.982526,0.982656,0.970267,1.896662,0.016714,0.027005
421,0.982917,0.982528,0.982655,0.97028,1.896585,0.016728,0.026978
422,0.982919,0.982529,0.982653,0.970293,1.896508,0.016742,0.026951
423,0.982921,0.982531,0.982651,0.97031,1.896431,0.016751,0.026924
424,0.982923,0.982533,0.982649,0.970327,1.896353,0.01676,0.026897
425,0.982924,0.982535,0.982647,0.970345,1.896276,0.01677,0.02687
426,0.982926,0.982537,0.982646,0.970357,1.896199,0.016784,0.026844
427,0.982928,0.982538,0.982644,0.97037,1.896122,0.016797,0.026817
428,0.98293,0.98254,0.982642,0.970382,1.896044,0.016811,0.02679
429,0.982932,0.982542,0.98264,0.970404,1.895967,0.016816,0.026763
430,0.982933,0.982544,0.982638,0.970426,1.89589,0.01682,0.026737
431,0.982936,0.982546,0.982636,0.970439,1.895821,0.016834,0.02671
432,0.982938,0.982548,0.982634,0.970456,1.895751,0.016843,0.026684
433,0.98294,0.98255,0.982632,0.970473,1.895681,0.016852,0.026658
434,0.982942,0.982553,0.98263,0.97049,1.895612,0.016861,0.026631
435,0.982944,0.982555,0.982627,0.970511,1.895542,0.016865,0.026605
436,0.982947,0.982557,0.982625,0.970533,1.895473,0.016869,0.026578
437,0.982949,0.982559,0.982623,0.970555,1.895403,0.016873,0.026552
438,0.982951,0.982561,0.982621,0.970577,1.895334,0.016878,0.026526
439,0.982953,0.982563,0.982619,0.970603,1.895264,0.016877,0.0265
440,0.982955,0.982566,0.982617,0.970625,1.895195,0.016881,0.026473
441,0.982957,0.982568,0.982615,0.970651,1.895125,0.016881,0.026447
442,0.982959,0.98257,0.982612,0.970673,1.895056,0.016885,0.026421
443,0.982962,0.982572,0.98261,0.970695,1.894986,0.016889,0.026395
444,0.982964,0.982574,0.982608,0.970716,1.894917,0.016893,0.026369
445,0.982966,0.982576,0.982606,0.970743,1.894847,0.016893,0.026342
446,0.982968,0.982578,0.982604,0.970769,1.894778,0.016892,0.026316
447,0.98297,0.98258,0.982602,0.970786,1.894709,0.016901,0.02629
448,0.982972,0.982583,0.9826,0.970798,1.894639,0.016915,0.026264
449,0.982974,0.982585,0.982598,0.970819,1.89457,0.016919,0.026238
450,0.982976,0.982587,0.982596,0.97084,1.8945,0.016923,0.026212
451,0.982978,0.982589,0.982593,0.970867,1.894431,0.016923,0.026186
452,0.982981,0.982591,0.982591,0.970888,1.894361,0.016927,0.02616
453,0.982983,0.982593,0.982589,0.970905,1.894292,0.016936,0.026134
454,0.982985,0.982595,0.982587,0.970916,1.894222,0.01695,0.026108
455,0.982987,0.982597,0.982585,0.970928,1.894153,0.016964,0.026082
456,0.982989,0.982599,0.982583,0.970939,1.894084,0.016978,0.026056
457,0.982991,0.982601,0.982581,0.970951,1.894014,0.016992,0.02603
458,0.982993,0.982603,0.982579,0.970963,1.893945,0.017006,0.026004
459,0.982995,0.982605,0.982577,0.970979,1.893875,0.017015,0.025979
460,0.982997,0.982607,0.982575,0.970995,1.893806,0.017025,0.025953
461,0.982999,0.982609,0.982573,0.971002,1.893737,0.017043,0.025927
462,0.983001,0.982611,0.982571,0.971009,1.893667,0.017062,0.025901
463,0.983003,0.982614,0.982569,0.97102,1.893598,0.017076,0.025875
464,0.983005,0.982616,0.982567,0.971032,1.893528,0.01709,0.02585
465,0.983007,0.982618,0.982565,0.971038,1.893459,0.017108,0.025824
466,0.983009,0.98262,0.982563,0.97105,1.89339,0.017122,0.025798
467,0.983011,0.982622,0.982561,0.971061,1.89332,0.017136,0.025773
468,0.983013,0.982624,0.982559,0.971077,1.893251,0.017146,0.025747
469,0.983015,0.982626,0.982557,0.971084,1.893182,0.017164,0.025721
470,0.983017,0.982628,0.982555,0.97109,1.893112,0.017183,0.025696
471,0.983019,0.98263,0.982553,0.971092,1.893043,0.017207,0.02567
472,0.983021,0.982632,0.982551,0.971098,1.892973,0.017225,0.025645
473,0.983023,0.982634,0.982549,0.971105,1.892904,0.017244,0.025619
474,0.983025,0.982636,0.982547,0.971116,1.892835,0.017258,0.025594
475,0.983027,0.982638,0.982545,0.971123,1.892765,0.017277,0.025568
476,0.983029,0.98264,0.982543,0.971129,1.892696,0.017295,0.025543
477,0.983031,0.982642,0.982541,0.971141,1.892627,0.017309,0.025517
478,0.983033,0.982644,0.982539,0.971157,1.892557,0.017318,0.025492
479,0.983035,0.982646,0.982537,0.971173,1.892488,0.017327,0.025466
480,0.983037,0.982648,0.982535,0.971193,1.892419,0.017331,0.025441
481,0.983039,0.98265,0.982533,0.971214,1.892349,0.017336,0.025416
482,0.983041,0.982652,0.982531,0.97123,1.89228,0.017345,0.02539
483,0.983043,0.982654,0.982529,0.971246,1.892211,0.017354,0.025365
484,0.983045,0.982656,0.982527,0.971267,1.892141,0.017358,0.02534
485,0.983047,0.982657,0.982525,0.971282,1.892072,0.017367,0.025315
486,0.983049,0.982659,0.982523,0.971294,1.892003,0.017381,0.025289
487,0.983051,0.982661,0.982521,0.971305,1.891933,0.017395,0.025264
488,0.983053,0.982663,0.982519,0.971311,1.891864,0.017413,0.025239
489,0.983055,0.982665,0.982517,0.971322,1.891795,0.017427,0.025214
490,0.983057,0.982667,0.982515,0.971338,1.891725,0.017436,0.025189
491,0.983059,0.982669,0.982513,0.971353,1.891656,0.017445,0.025163
492,0.983061,0.982671,0.982511,0.971369,1.891587,0.017455,0.025138
493,0.983063,0.982673,0.982509,0.971389,1.891518,0.017459,0.025113
494,0.983065,0.982675,0.982507,0.971405,1.891448,0.017468,0.025088
495,0.983067,0.982677,0.982505,0.971421,1.891379,0.017477,0.025063
496,0.983069,0.982679,0.982503,0.971436,1.89131,0.017486,0.025038
497,0.983071,0.982681,0.982501,0.971447,1.89124,0.0175,0.025013
498,0.983073,0.982683,0.982499,0.971458,1.891171,0.017514,0.024988
499,0.983075,0.982685,0.982497,0.971468,1.891102,0.017528,0.024963
500,0.983076,0.982687,0.982495,0.971479,1.891032,0.017542,0.024938
501,0.983078,0.982689,0.982493,0.971494,1.890963,0.017551,0.024914
502,0.98308,0.982691,0.982492,0.9715,1.890894,0.01757,0.024889
503,0.983082,0.982693,0.98249,0.971506,1.890825,0.017588,0.024864
504,0.983084,0.982695,0.982488,0.971507,1.890755,0.017612,0.024839
505,0.983086,0.982697,0.982486,0.971513,1.890686,0.017631,0.024814
506,0.983088,0.982698,0.982484,0.971523,1.890617,0.017645,0.02479
507,0.98309,0.9827,0.982482,0.971534,1.890547,0.017659,0.024765
508,0.983092,0.982702,0.98248,0.971554,1.890478,0.017663,0.02474
509,0.983094,0.982704,0.982478,0.971574,1.890409,0.017667,0.024715
510,0.983096,0.982706,0.982476,0.971594,1.89034,0.017671,0.024691
511,0.983098,0.982708,0.982474,0.971609,1.89027,0.01768,0.024666
512,0.9831,0.98271,0.982472,0.971624,1.890201,0.01769,0.024641
513,0.983102,0.982712,0.98247,0.97164,1.890132,0.017699,0.024617
514,0.983104,0.982714,0.982468,0.97165,1.890062,0.017713,0.024592
515,0.983105,0.982716,0.982466,0.97166,1.889993,0.017726,0.024568
516,0.983107,0.982718,0.982465,0.971675,1.889924,0.017736,0.024543
517,0.983109,0.98272,0.982463,0.971691,1.889855,0.017745,0.024519
518,0.983111,0.982722,0.982461,0.971706,1.889785,0.017754,0.024494
519,0.983113,0.982723,0.982459,0.971721,1.889716,0.017763,0.02447
520,0.983115,0.982725,0.982457,0.971736,1.889647,0.017772,0.024445
521,0.983117,0.982727,0.982455,0.971751,1.889578,0.017781,0.024421
522,0.983119,0.982729,0.982453,0.971761,1.889508,0.017795,0.024396
523,0.983121,0.982731,0.982451,0.971771,1.889439,0.017809,0.024372
524,0.983123,0.982733,0.982449,0.971781,1.88937,0.017823,0.024348
525,0.983125,0.982735,0.982447,0.971791,1.889301,0.017836,0.024323
526,0.983127,0.982737,0.982445,0.971806,1.889231,0.017845,0.024299
527,0.983128,0.982739,0.982443,0.971821,1.889162,0.017855,0.024275
528,0.98313,0.982741,0.982442,0.971836,1.889093,0.017864,0.024251
529,0.983132,0.982743,0.98244,0.971851,1.889024,0.017873,0.024226
530,0.983134,0.982745,0.982438,0.971866,1.888954,0.017882,0.024202
531,0.983136,0.982746,0.982436,0.97188,1.888885,0.017891,0.024178
532,0.983138,0.982748,0.982434,0.971895,1.888816,0.0179,0.024154
533,0.98314,0.98275,0.982432,0.97191,1.888746,0.017909,0.02413
534,0.983142,0.982752,0.98243,0.971925,1.888677,0.017918,0.024106
535,0.983144,0.982754,0.982428,0.971944,1.888608,0.017922,0.024081
536,0.983146,0.982756,0.982426,0.971964,1.888539,0.017927,0.024057
537,0.983147,0.982758,0.982424,0.971983,1.888469,0.017931,0.024033
538,0.983149,0.98276,0.982423,0.971998,1.8884,0.01794,0.024009
539,0.983151,0.982762,0.982421,0.972013,1.888331,0.017949,0.023985
540,0.983153,0.982764,0.982419,0.972027,1.888262,0.017958,0.023961
541,0.983155,0.982765,0.982417,0.972042,1.888192,0.017967,0.023937
542,0.983157,0.982767,0.982415,0.972056,1.888123,0.017976,0.023914
543,0.983159,0.982769,0.982413,0.972066,1.888054,0.017985,0.023894
544,0.983161,0.982771,0.982411,0.97208,1.887985,0.017994,0.023871
545,0.983163,0.982773,0.982409,0.97209,1.887915,0.018003,0.023852
546,0.983165,0.982775,0.982407,0.972109,1.887846,0.018008,0.023828
547,0.983166,0.982777,0.982406,0.972124,1.887777,0.018012,0.023809
548,0.983168,0.982779,0.982404,0.972143,1.887708,0.018016,0.023785
549,0.98317,0.982781,0.982402,0.972162,1.887639,0.01802,0.023761
550,0.983172,0.982782,0.9824,0.972177,1.887569,0.018029,0.023737
551,0.983174,0.982784,0.982398,0.972196,1.8875,0.018033,0.023714
552,0.983176,0.982786,0.982396,0.972215,1.887431,0.018038,0.02369
553,0.983178,0.982788,0.982394,0.972234,1.887362,0.018042,0.023666
554,0.98318,0.98279,0.982392,0.972253,1.887292,0.018046,0.023643
555,0.983182,0.982792,0.98239,0.972268,1.887223,0.018055,0.023619
556,0.983183,0.982794,0.982389,0.972287,1.887154,0.018059,0.023595
557,0.983185,0.982796,0.982387,0.972306,1.887085,0.018064,0.023572
558,0.983187,0.982798,0.982385,0.972325,1.887015,0.018068,0.023548
559,0.983189,0.982799,0.982383,0.972344,1.886946,0.018072,0.023525
560,0.983191,0.982801,0.982381,0.972358,1.886877,0.018081,0.023501
561,0.983193,0.982803,0.982379,0.972372,1.886808,0.01809,0.023478
562,0.983195,0.982805,0.982377,0.972386,1.886738,0.018099,0.023454
563,0.983197,0.982807,0.982375,0.972405,1.886669,0.018103,0.023431
564,0.983198,0.982809,0.982373,0.972424,1.8866,0.018108,0.023407
565,0.9832,0.982811,0.982372,0.972438,1.886531,0.018112,0.023389
566,0.983202,0.982813,0.98237,0.972457,1.886461,0.018116,0.023366
567,0.983204,0.982814,0.982368,0.972476,1.886392,0.01812,0.023342
568,0.983206,0.982816,0.982366,0.972495,1.886323,0.018124,0.023319
569,0.983208,0.982818,0.982364,0.972508,1.886254,0.018129,0.0233
570,0.98321,0.98282,0.982362,0.972527,1.886185,0.018133,0.023277
571,0.983212,0.982822,0.98236,0.972541,1.886115,0.018137,0.023259
572,0.983213,0.982824,0.982358,0.97256,1.886046,0.018141,0.023236
573,0.983215,0.982826,0.982357,0.972573,1.885977,0.018145,0.023217
574,0.983217,0.982827,0.982355,0.972577,1.885915,0.018159,0.023199
575,0.983218,0.982829,0.982354,0.972586,1.885854,0.018174,0.023176
576,0.98322,0.98283,0.982352,0.9726,1.885792,0.018183,0.023152
577,0.983221,0.982832,0.982351,0.972609,1.885731,0.018197,0.023129
578,0.983223,0.982833,0.982349,0.972618,1.885669,0.018211,0.023106
579,0.983224,0.982835,0.982348,0.972627,1.885608,0.018225,0.023083
580,0.983226,0.982836,0.982346,0.972636,1.885546,0.018239,0.023059
581,0.983227,0.982838,0.982345,0.97265,1.885485,0.018248,0.023036
582,0.983229,0.982839,0.982343,0.972654,1.885423,0.018262,0.023018
583,0.98323,0.982841,0.982342,0.972663,1.885362,0.018276,0.022995
584,0.983232,0.982842,0.98234,0.972671,1.8853,0.01829,0.022972
585,0.983233,0.982844,0.982339,0.97268,1.885239,0.018304,0.022949
586,0.983235,0.982845,0.982337,0.972689,1.885177,0.018318,0.022925
587,0.983236,0.982846,0.982336,0.972698,1.885116,0.018333,0.022902
588,0.983238,0.982848,0.982334,0.972706,1.885054,0.018347,0.022879
589,0.983239,0.982849,0.982333,0.97271,1.884993,0.018365,0.022856
590,0.98324,0.982851,0.982331,0.972714,1.884931,0.018384,0.022833
591,0.983242,0.982852,0.98233,0.972718,1.88487,0.018403,0.02281
592,0.983243,0.982854,0.982329,0.972722,1.884808,0.018422,0.022787
593,0.983245,0.982855,0.982327,0.972726,1.884747,0.018441,0.022765
594,0.983246,0.982857,0.982326,0.972729,1.884685,0.01846,0.022742
595,0.983248,0.982858,0.982324,0.972733,1.884624,0.018479,0.022719
596,0.983249,0.982859,0.982323,0.972742,1.884562,0.018493,0.022696
597,0.983251,0.982861,0.982321,0.972745,1.884501,0.018512,0.022673
598,0.983252,0.982862,0.98232,0.972754,1.884439,0.018526,0.02265
599,0.983253,0.982864,0.982319,0.972753,1.884377,0.01855,0.022627
600,0.983255,0.982865,0.982317,0.972756,1.884316,0.018568,0.022605
601,0.983256,0.982867,0.982316,0.97276,1.884254,0.018587,0.022582
602,0.983258,0.982868,0.982314,0.972764,1.884193,0.018606,0.022559
603,0.983259,0.982869,0.982313,0.972767,1.884131,0.018625,0.022537
604,0.98326,0.982871,0.982311,0.972771,1.88407,0.018644,0.022514
605,0.983262,0.982872,0.98231,0.972774,1.884008,0.018663,0.022491
606,0.983263,0.982874,0.982309,0.972778,1.883947,0.018682,0.022469
607,0.983265,0.982875,0.982307,0.972786,1.883885,0.018696,0.022446
608,0.983266,0.982877,0.982306,0.972799,1.883824,0.018705,0.022423
609,0.983268,0.982878,0.982304,0.972812,1.883762,0.018714,0.022401
610,0.983269,0.982879,0.982303,0.97282,1.883701,0.018728,0.022378
611,0.98327,0.982881,0.982302,0.972834,1.883639,0.018738,0.022356
612,0.983272,0.982882,0.9823,0.972847,1.883578,0.018747,0.022333
613,0.983273,0.982884,0.982299,0.97286,1.883516,0.018756,0.022311
614,0.983275,0.982885,0.982297,0.972868,1.883455,0.01877,0.022288
615,0.983276,0.982886,0.982296,0.972876,1.883393,0.018784,0.022266
616,0.983277,0.982888,0.982295,0.972889,1.883332,0.018793,0.022244
617,0.983279,0.982889,0.982293,0.972897,1.88327,0.018807,0.022221
618,0.98328,0.98289,0.982292,0.97291,1.883216,0.018816,0.022199
619,0.983281,0.982891,0.982291,0.972923,1.883163,0.018826,0.022176
620,0.983282,0.982892,0.98229,0.972936,1.883109,0.018835,0.022154
621,0.983283,0.982893,0.982289,0.972949,1.883055,0.018844,0.022132
622,0.983284,0.982894,0.982288,0.972967,1.883001,0.018849,0.022109
623,0.983285,0.982895,0.982287,0.972984,1.882947,0.018853,0.022087
624,0.983286,0.982896,0.982286,0.973002,1.882894,0.018858,0.022064
625,0.983287,0.982897,0.982285,0.97302,1.88284,0.018862,0.022042
626,0.983288,0.982898,0.982284,0.973032,1.882786,0.018867,0.022025
627,0.983289,0.982899,0.982283,0.973045,1.882732,0.018871,0.022008
628,0.98329,0.9829,0.982282,0.973058,1.882678,0.018876,0.02199
629,0.983291,0.982901,0.982281,0.973075,1.882625,0.018881,0.021968
630,0.983292,0.982902,0.98228,0.973093,1.882571,0.018885,0.021946
631,0.983293,0.982903,0.982279,0.973105,1.882517,0.018894,0.021924
632,0.983294,0.982904,0.982278,0.973113,1.882463,0.018904,0.021906
633,0.983295,0.982905,0.982277,0.973131,1.882409,0.018908,0.021884
634,0.983295,0.982906,0.982276,0.973148,1.882356,0.018913,0.021862
635,0.983296,0.982907,0.982275,0.973166,1.882302,0.018917,0.02184
636,0.983297,0.982908,0.982274,0.973168,1.882248,0.018931,0.021823
637,0.983298,0.982909,0.982273,0.973166,1.882194,0.01895,0.021806
638,0.983299,0.98291,0.982272,0.973169,1.88214,0.018964,0.021789
639,0.9833,0.982911,0.982271,0.973176,1.882087,0.018974,0.021772
640,0.983301,0.982912,0.98227,0.973184,1.882033,0.018983,0.021755
641,0.983302,0.982913,0.98227,0.973192,1.881979,0.018993,0.021738
642,0.983303,0.982914,0.982269,0.973199,1.881925,0.019002,0.021721
643,0.983304,0.982915,0.982268,0.973206,1.881872,0.019011,0.021704
644,0.983305,0.982916,0.982267,0.973214,1.881818,0.019021,0.021687
645,0.983306,0.982917,0.982266,0.973221,1.881764,0.01903,0.02167
646,0.983307,0.982918,0.982265,0.973234,1.88171,0.019034,0.021653
647,0.983308,0.982919,0.982264,0.973241,1.881656,0.019044,0.021636
648,0.983309,0.98292,0.982263,0.973248,1.881603,0.019053,0.021619
649,0.98331,0.982921,0.982262,0.973256,1.881549,0.019067,0.021597
650,0.983311,0.982922,0.982261,0.973263,1.881495,0.019081,0.021575
651,0.983312,0.982923,0.98226,0.973281,1.881441,0.019086,0.021553
652,0.983313,0.982924,0.982259,0.973298,1.881387,0.019091,0.021532
653,0.983314,0.982925,0.982258,0.973305,1.881334,0.0191,0.021515
654,0.983315,0.982926,0.982257,0.973312,1.88128,0.019109,0.021498
655,0.983316,0.982927,0.982256,0.97332,1.881226,0.019119,0.021481
656,0.983317,0.982928,0.982255,0.973327,1.881172,0.019128,0.021464
657,0.983318,0.982929,0.982254,0.973334,1.881118,0.019137,0.021448
658,0.983319,0.982929,0.982253,0.973341,1.881065,0.019147,0.021431
659,0.98332,0.98293,0.982252,0.973348,1.881011,0.019156,0.021414
660,0.983321,0.982931,0.982251,0.973356,1.880957,0.019165,0.021398
661,0.983322,0.982932,0.98225,0.973367,1.880903,0.01917,0.021381
662,0.983323,0.982933,0.982249,0.97338,1.880849,0.019179,0.021359
663,0.983324,0.982934,0.982248,0.973387,1.880796,0.019189,0.021343
664,0.983325,0.982935,0.982247,0.973394,1.880742,0.019198,0.021326
665,0.983326,0.982936,0.982246,0.973406,1.880688,0.019203,0.021309
666,0.983327,0.982937,0.982245,0.973418,1.880634,0.019207,0.021293
667,0.983328,0.982938,0.982244,0.973425,1.88058,0.019216,0.021276
668,0.983329,0.982939,0.982243,0.973437,1.880527,0.019221,0.02126
669,0.98333,0.98294,0.982242,0.973448,1.880473,0.019225,0.021243
670,0.983331,0.982941,0.982241,0.973451,1.880419,0.019244,0.021222
671,0.983332,0.982942,0.98224,0.973453,1.880365,0.019258,0.021205
672,0.983333,0.982943,0.982239,0.97345,1.880311,0.019277,0.021189
673,0.983334,0.982944,0.982238,0.973448,1.880258,0.019296,0.021172
674,0.983335,0.982945,0.982237,0.97345,1.880204,0.019315,0.021151
675,0.983336,0.982946,0.982236,0.973457,1.88015,0.01933,0.021129
676,0.983337,0.982948,0.982235,0.973469,1.880104,0.019339,0.021108
677,0.983339,0.982949,0.982233,0.97348,1.880058,0.019348,0.021087
678,0.98334,0.982951,0.982232,0.973491,1.880011,0.019358,0.021066
679,0.983342,0.982952,0.98223,0.973508,1.879965,0.019362,0.021045
680,0.983343,0.982953,0.982229,0.973519,1.879919,0.019372,0.021024
681,0.983344,0.982955,0.982227,0.973526,1.879872,0.019386,0.021003
682,0.983346,0.982956,0.982226,0.973542,1.879826,0.01939,0.020982
683,0.983347,0.982958,0.982225,0.973558,1.87978,0.019395,0.020961
684,0.983349,0.982959,0.982223,0.973569,1.879734,0.019404,0.02094
685,0.98335,0.982961,0.982222,0.973586,1.879687,0.019408,0.02092
686,0.983352,0.982962,0.98222,0.973597,1.879641,0.019418,0.020899
687,0.983353,0.982963,0.982219,0.973608,1.879595,0.019427,0.020878
688,0.983355,0.982965,0.982217,0.973624,1.879548,0.019432,0.020857
689,0.983356,0.982966,0.982216,0.97364,1.879502,0.019436,0.020836
690,0.983357,0.982968,0.982214,0.973656,1.879456,0.019441,0.020815
691,0.983359,0.982969,0.982213,0.973672,1.87941,0.019445,0.020795
692,0.98336,0.982971,0.982212,0.973688,1.879363,0.01945,0.020774
693,0.983362,0.982972,0.98221,0.973704,1.879317,0.019454,0.020753
694,0.983363,0.982974,0.982209,0.97372,1.879271,0.019459,0.020732
695,0.983365,0.982975,0.982207,0.973731,1.879225,0.019468,0.020712
696,0.983366,0.982976,0.982206,0.973742,1.879178,0.019478,0.020691
697,0.983368,0.982978,0.982204,0.973753,1.879132,0.019487,0.02067
698,0.983369,0.982979,0.982203,0.973764,1.879086,0.019497,0.02065
699,0.98337,0.982981,0.982202,0.973775,1.879039,0.019506,0.020629
700,0.983372,0.982982,0.9822,0.973786,1.878993,0.019515,0.020609
701,0.983373,0.982984,0.982199,0.973797,1.878947,0.019525,0.020588
702,0.983375,0.982985,0.982197,0.973808,1.878901,0.019534,0.020567
703,0.983376,0.982987,0.982196,0.973819,1.878854,0.019543,0.020547
704,0.983378,0.982988,0.982194,0.973835,1.878808,0.019548,0.020526
705,0.983379,0.982989,0.982193,0.97385,1.878762,0.019553,0.020506
706,0.98338,0.982991,0.982191,0.973866,1.878716,0.019557,0.020485
707,0.983382,0.982992,0.98219,0.973882,1.878669,0.019562,0.020465
708,0.983383,0.982994,0.982189,0.973897,1.878623,0.019566,0.020445
709,0.983385,0.982995,0.982187,0.973913,1.878577,0.019571,0.020424
710,0.983386,0.982997,0.982186,0.973924,1.87853,0.01958,0.020404
711,0.983388,0.982998,0.982184,0.973934,1.878484,0.019589,0.020383
712,0.983389,0.982999,0.982183,0.973945,1.878438,0.019599,0.020363
713,0.983391,0.983001,0.982181,0.973956,1.878392,0.019608,0.020343
714,0.983392,0.983002,0.98218,0.973967,1.878345,0.019618,0.020322
715,0.983393,0.983004,0.982178,0.973977,1.878299,0.019627,0.020302
716,0.983395,0.983005,0.982177,0.973988,1.878253,0.019636,0.020282
717,0.983396,0.983007,0.982176,0.973999,1.878206,0.019646,0.020262
718,0.983398,0.983008,0.982174,0.974004,1.87816,0.01966,0.020241
719,0.983399,0.98301,0.982173,0.97401,1.878114,0.019674,0.020221
720,0.983401,0.983011,0.982171,0.974016,1.878068,0.019688,0.020201
721,0.983402,0.983012,0.98217,0.974026,1.878021,0.019698,0.020181
722,0.983403,0.983014,0.982168,0.974032,1.877975,0.019712,0.020161
723,0.983405,0.983015,0.982167,0.974038,1.877929,0.019726,0.020141
724,0.983406,0.983017,0.982166,0.974043,1.877883,0.01974,0.020121
725,0.983408,0.983018,0.982164,0.974049,1.877836,0.019755,0.020101
726,0.983409,0.98302,0.982163,0.974055,1.87779,0.019769,0.02008
727,0.983411,0.983021,0.982161,0.97406,1.877744,0.019783,0.02006
728,0.983412,0.983022,0.98216,0.974066,1.877697,0.019797,0.02004
729,0.983414,0.983024,0.982158,0.974071,1.877651,0.019812,0.02002
730,0.983415,0.983025,0.982157,0.974077,1.877605,0.019826,0.02
731,0.983416,0.983027,0.982156,0.974082,1.877559,0.01984,0.01998
732,0.983418,0.983028,0.982154,0.974093,1.877512,0.019849,0.01996
733,0.983419,0.98303,0.982153,0.974098,1.877466,0.019864,0.019941
734,0.983421,0.983031,0.982151,0.974108,1.87742,0.019873,0.019921
735,0.983422,0.983032,0.98215,0.974119,1.877373,0.019882,0.019901
736,0.983424,0.983034,0.982148,0.974129,1.877327,0.019892,0.019881
737,0.983425,0.983035,0.982147,0.974139,1.877281,0.019901,0.019861
738,0.983426,0.983037,0.982145,0.974149,1.877235,0.01991,0.019841
739,0.983428,0.983038,0.982144,0.974159,1.877188,0.01992,0.019821
740,0.983429,0.98304,0.982143,0.974165,1.877142,0.019934,0.019802
741,0.983431,0.983041,0.982141,0.97417,1.877096,0.019948,0.019782
742,0.983432,0.983042,0.98214,0.974176,1.87705,0.019962,0.019762
743,0.983434,0.983044,0.982138,0.974181,1.877003,0.019976,0.019742
744,0.983435,0.983045,0.982137,0.974196,1.876957,0.019981,0.019723
745,0.983436,0.983047,0.982135,0.974211,1.876911,0.019986,0.019703
746,0.983438,0.983048,0.982134,0.974221,1.876864,0.019995,0.019683
747,0.983439,0.98305,0.982133,0.974231,1.876818,0.020004,0.019664
748,0.983441,0.983051,0.982131,0.974241,1.876772,0.020014,0.019644
749,0.983442,0.983052,0.98213,0.974246,1.876726,0.020028,0.019625
750,0.983444,0.983054,0.982128,0.974256,1.876679,0.020037,0.019605
751,0.983445,0.983055,0.982127,0.974266,1.876633,0.020047,0.019585
752,0.983446,0.983057,0.982125,0.974276,1.876587,0.020056,0.019566
753,0.983448,0.983058,0.982124,0.974286,1.87654,0.020065,0.019546
754,0.983449,0.98306,0.982123,0.974295,1.876494,0.020075,0.019527
755,0.983451,0.983061,0.982121,0.974301,1.876448,0.020089,0.019507
756,0.983452,0.983062,0.98212,0.974306,1.876402,0.020103,0.019488
757,0.983454,0.983064,0.982118,0.974315,1.876355,0.020113,0.019468
758,0.983455,0.983065,0.982117,0.97433,1.876309,0.020117,0.019449
759,0.983456,0.983067,0.982115,0.974345,1.876263,0.020122,0.01943
760,0.983458,0.983068,0.982114,0.974359,1.876217,0.020126,0.01941
761,0.983459,0.98307,0.982113,0.974369,1.87617,0.020136,0.019391
762,0.983461,0.983071,0.982111,0.974384,1.876124,0.02014,0.019371
763,0.983462,0.983072,0.98211,0.974398,1.876078,0.020145,0.019352
764,0.983464,0.983074,0.982108,0.974413,1.876031,0.020149,0.019333
765,0.983465,0.983075,0.982107,0.974427,1.875985,0.020154,0.019314
766,0.983466,0.983077,0.982105,0.974437,1.875939,0.020163,0.019294
767,0.983468,0.983078,0.982104,0.974451,1.875893,0.020168,0.019275
768,0.983469,0.98308,0.982103,0.974466,1.875846,0.020172,0.019256
769,0.983471,0.983081,0.982101,0.97448,1.8758,0.020177,0.019237
770,0.983472,0.983082,0.9821,0.974495,1.875754,0.020181,0.019217
771,0.983474,0.983084,0.982098,0.974509,1.875707,0.020186,0.019198
772,0.983475,0.983085,0.982097,0.974524,1.875661,0.02019,0.019179
773,0.983476,0.983087,0.982095,0.974538,1.875615,0.020195,0.01916
774,0.983478,0.983088,0.982094,0.974552,1.875569,0.020199,0.019141
775,0.983479,0.98309,0.982093,0.974567,1.875522,0.020204,0.019122
776,0.983481,0.983091,0.982091,0.974581,1.875476,0.020208,0.019103
777,0.983482,0.983093,0.98209,0.974595,1.87543,0.020213,0.019083
778,0.983484,0.983094,0.982088,0.974609,1.875384,0.020217,0.019064
779,0.983485,0.983095,0.982087,0.974624,1.875337,0.020222,0.019045
780,0.983486,0.983097,0.982085,0.974643,1.875291,0.020222,0.019026
781,0.983488,0.983098,0.982084,0.974662,1.875245,0.020221,0.019007
782,0.983489,0.9831,0.982083,0.974681,1.875198,0.020221,0.018988
783,0.983491,0.983101,0.982081,0.9747,1.875152,0.020221,0.01897
784,0.983492,0.983103,0.98208,0.974719,1.875106,0.020221,0.018951
785,0.983494,0.983104,0.982078,0.974738,1.87506,0.02022,0.018932
786,0.983495,0.983105,0.982077,0.974757,1.875013,0.02022,0.018913
787,0.983496,0.983107,0.982075,0.974776,1.874967,0.02022,0.018894
788,0.983498,0.983108,0.982074,0.974795,1.874921,0.020219,0.018875
789,0.983499,0.98311,0.982073,0.974814,1.874874,0.020219,0.018856
790,0.983501,0.983111,0.982071,0.974832,1.874828,0.020219,0.018837
791,0.983502,0.983113,0.98207,0.974851,1.874782,0.020218,0.018819
792,0.983504,0.983114,0.982068,0.97487,1.874736,0.020218,0.0188
793,0.983505,0.983115,0.982067,0.974889,1.874689,0.020218,0.018781
794,0.983507,0.983117,0.982065,0.974908,1.874643,0.020218,0.018762
795,0.983508,0.983118,0.982064,0.974927,1.874597,0.020217,0.018744
796,0.983509,0.98312,0.982062,0.974945,1.874551,0.020217,0.018725
797,0.983511,0.983121,0.982061,0.974959,1.874504,0.020222,0.018706
798,0.983512,0.983123,0.98206,0.974978,1.874458,0.020221,0.018688
799,0.983514,0.983124,0.982058,0.974997,1.874412,0.020221,0.018669
800,0.983515,0.983126,0.982057,0.975015,1.874365,0.020221,0.01865
801,0.983517,0.983127,0.982055,0.975034,1.874319,0.02022,0.018632
802,0.983518,0.983128,0.982054,0.975043,1.874273,0.02023,0.018613
803,0.983519,0.98313,0.982052,0.975052,1.874227,0.020239,0.018594
804,0.983521,0.983131,0.982051,0.975061,1.87418,0.020248,0.018576
805,0.983522,0.983133,0.98205,0.975075,1.874134,0.020253,0.018557
806,0.983524,0.983134,0.982048,0.975089,1.874088,0.020257,0.018539
807,0.983525,0.983136,0.982047,0.975107,1.874041,0.020257,0.01852
808,0.983527,0.983137,0.982045,0.975121,1.873995,0.020261,0.018502
809,0.983528,0.983139,0.982044,0.97513,1.873949,0.020271,0.018483
810,0.98353,0.98314,0.982042,0.975143,1.873903,0.020275,0.018465
811,0.983531,0.983141,0.982041,0.975162,1.873856,0.020275,0.018447
812,0.983532,0.983143,0.982039,0.975175,1.87381,0.02028,0.018428
813,0.983534,0.983144,0.982038,0.975184,1.873764,0.020289,0.01841
814,0.983535,0.983146,0.982037,0.975198,1.873718,0.020294,0.018391
815,0.983537,0.983147,0.982035,0.975211,1.873671,0.020298,0.018373
816,0.983538,0.983149,0.982034,0.97522,1.873625,0.020307,0.018355
817,0.98354,0.98315,0.982032,0.975229,1.873579,0.020317,0.018336
818,0.983541,0.983152,0.982031,0.975237,1.873532,0.020326,0.018318
819,0.983543,0.983153,0.982029,0.975251,1.873486,0.020331,0.0183
820,0.983544,0.983154,0.982028,0.975264,1.87344,0.020335,0.018282
821,0.983545,0.983156,0.982026,0.975278,1.873394,0.02034,0.018263
822,0.983547,0.983157,0.982025,0.975291,1.873347,0.020344,0.018245
823,0.983548,0.983159,0.982024,0.975305,1.873301,0.020349,0.018227
824,0.98355,0.98316,0.982022,0.975313,1.873255,0.020358,0.018209
825,0.983551,0.983162,0.982021,0.975327,1.873209,0.020363,0.018191
826,0.983553,0.983163,0.982019,0.97534,1.873162,0.020367,0.018172
827,0.983554,0.983165,0.982018,0.975353,1.873116,0.020372,0.018154
828,0.983556,0.983166,0.982016,0.975372,1.87307,0.020372,0.018136
829,0.983557,0.983167,0.982015,0.97539,1.873023,0.020371,0.018118
830,0.983558,0.983169,0.982013,0.975403,1.872977,0.020376,0.0181
831,0.98356,0.98317,0.982012,0.975416,1.872931,0.020381,0.018082
832,0.983561,0.983172,0.982011,0.975434,1.872885,0.02038,0.018064
833,0.983563,0.983173,0.982009,0.975452,1.872838,0.02038,0.018046
834,0.983564,0.983175,0.982008,0.975471,1.872792,0.02038,0.018028
835,0.983566,0.983176,0.982006,0.975484,1.872746,0.020384,0.01801
836,0.983567,0.983178,0.982005,0.975497,1.872699,0.020389,0.017992
837,0.983569,0.983179,0.982003,0.97551,1.872653,0.020393,0.017974
838,0.98357,0.98318,0.982002,0.975523,1.872607,0.020398,0.017956
839,0.983572,0.983182,0.982,0.975536,1.872561,0.020402,0.017938
840,0.983573,0.983183,0.981999,0.975549,1.872514,0.020407,0.01792
841,0.983574,0.983185,0.981997,0.975563,1.872468,0.020411,0.017902
842,0.983576,0.983186,0.981996,0.975581,1.872422,0.020411,0.017884
843,0.983577,0.983188,0.981995,0.975599,1.872376,0.020411,0.017867
844,0.983579,0.983189,0.981993,0.975616,1.872329,0.02041,0.017849
845,0.98358,0.983191,0.981992,0.975634,1.872283,0.02041,0.017831
846,0.983582,0.983192,0.98199,0.975652,1.872237,0.02041,0.017813
847,0.983583,0.983194,0.981989,0.97567,1.87219,0.020409,0.017795
848,0.983585,0.983195,0.981987,0.975683,1.872144,0.020414,0.017778
849,0.983586,0.983196,0.981986,0.975696,1.872098,0.020418,0.01776
850,0.983587,0.983198,0.981984,0.975709,1.872052,0.020423,0.017742
851,0.983589,0.983199,0.981983,0.975722,1.872005,0.020422,0.017729
852,0.98359,0.983201,0.981981,0.975735,1.871959,0.020422,0.017717
853,0.983592,0.983202,0.98198,0.975753,1.871913,0.020422,0.017699
854,0.983593,0.983204,0.981979,0.975766,1.871867,0.020426,0.017681
855,0.983595,0.983205,0.981977,0.975783,1.87182,0.020426,0.017664
856,0.983596,0.983207,0.981976,0.975801,1.871774,0.020426,0.017646
857,0.983598,0.983208,0.981974,0.975819,1.871728,0.020425,0.017628
858,0.983599,0.98321,0.981973,0.975836,1.871681,0.020425,0.017611
859,0.983601,0.983211,0.981971,0.975854,1.871635,0.020425,0.017593
860,0.983602,0.983212,0.98197,0.975871,1.871589,0.020425,0.017576
861,0.983604,0.983214,0.981968,0.975889,1.871543,0.020424,0.017558
862,0.983605,0.983215,0.981967,0.975907,1.871496,0.020424,0.017541
863,0.983606,0.983217,0.981965,0.975924,1.87145,0.020424,0.017523
864,0.983608,0.983218,0.981964,0.975942,1.871404,0.020423,0.017506
865,0.983609,0.98322,0.981963,0.975959,1.871358,0.020423,0.017488
866,0.983611,0.983221,0.981961,0.975977,1.871311,0.020423,0.017471
867,0.983612,0.983223,0.98196,0.975994,1.871265,0.020422,0.017453
868,0.983614,0.983224,0.981958,0.976012,1.871219,0.020422,0.017436
869,0.983615,0.983226,0.981957,0.976029,1.871172,0.020422,0.017419
870,0.983617,0.983227,0.981955,0.976047,1.871126,0.020422,0.017401
871,0.983618,0.983228,0.981954,0.976064,1.87108,0.020421,0.017384
872,0.98362,0.98323,0.981952,0.976081,1.871034,0.020421,0.017366
873,0.983621,0.983231,0.981951,0.976094,1.870987,0.020421,0.017354
874,0.983622,0.983233,0.981949,0.976111,1.870941,0.02042,0.017337
875,0.983624,0.983234,0.981948,0.976124,1.870895,0.02042,0.017324
876,0.983625,0.983236,0.981946,0.976141,1.870848,0.02042,0.017307
877,0.983627,0.983237,0.981945,0.976153,1.870802,0.020419,0.017295
878,0.983628,0.983239,0.981944,0.976166,1.870756,0.020419,0.017282
879,0.98363,0.98324,0.981942,0.976183,1.87071,0.020419,0.017265
880,0.983631,0.983242,0.981941,0.976191,1.870663,0.020428,0.017248
881,0.983633,0.983243,0.981939,0.976203,1.870617,0.020433,0.01723
882,0.983634,0.983245,0.981938,0.976221,1.870571,0.020432,0.017213
883,0.983636,0.983246,0.981936,0.976238,1.870525,0.020432,0.017196
884,0.983637,0.983247,0.981935,0.976255,1.870478,0.020432,0.017179
885,0.983639,0.983249,0.981933,0.976272,1.870432,0.020431,0.017162
886,0.98364,0.98325,0.981932,0.976285,1.870386,0.020436,0.017145
887,0.983641,0.983252,0.98193,0.976297,1.870339,0.020441,0.017128
888,0.983643,0.983253,0.981929,0.976314,1.870293,0.02044,0.017111
889,0.983644,0.983255,0.981928,0.976331,1.870247,0.02044,0.017093
890,0.983646,0.983256,0.981926,0.976348,1.870201,0.02044,0.017076
891,0.983647,0.983258,0.981925,0.976365,1.870154,0.020439,0.017059
892,0.983649,0.983259,0.981923,0.976382,1.870108,0.020439,0.017042
893,0.98365,0.983261,0.981922,0.976399,1.870062,0.020439,0.017025
894,0.983652,0.983262,0.98192,0.976416,1.870016,0.020439,0.017008
895,0.983653,0.983264,0.981919,0.976434,1.869969,0.020438,0.016991
896,0.983655,0.983265,0.981917,0.976451,1.869923,0.020438,0.016974
897,0.983656,0.983266,0.981916,0.976467,1.869877,0.020438,0.016958
898,0.983658,0.983268,0.981914,0.976484,1.86983,0.020437,0.016941
899,0.983659,0.983269,0.981913,0.976501,1.869784,0.020437,0.016924
900,0.98366,0.983271,0.981911,0.976518,1.869738,0.020437,0.016907
901,0.983662,0.983272,0.98191,0.976535,1.869692,0.020436,0.01689
902,0.983663,0.983274,0.981909,0.976547,1.869645,0.020441,0.016873
903,0.983665,0.983275,0.981907,0.976564,1.869599,0.020441,0.016856
904,0.983666,0.983277,0.981906,0.976581,1.869553,0.02044,0.016839
905,0.983668,0.983278,0.981904,0.976598,1.869507,0.02044,0.016823
906,0.983669,0.98328,0.981903,0.976615,1.86946,0.02044,0.016806
907,0.983671,0.983281,0.981901,0.976632,1.869414,0.020439,0.016789
908,0.983672,0.983282,0.9819,0.976648,1.869368,0.020439,0.016772
909,0.983674,0.983284,0.981898,0.976665,1.869321,0.020439,0.016756
910,0.983675,0.983285,0.981897,0.976682,1.869275,0.020439,0.016739
911,0.983677,0.983287,0.981895,0.976699,1.869229,0.020438,0.016722
912,0.983678,0.983288,0.981894,0.976715,1.869183,0.020438,0.016706
913,0.983679,0.98329,0.981892,0.976732,1.869136,0.020438,0.016689
914,0.983681,0.983291,0.981891,0.976744,1.86909,0.020437,0.016677
915,0.983682,0.983293,0.98189,0.976761,1.869044,0.020437,0.01666
916,0.983684,0.983294,0.981888,0.976777,1.868997,0.020437,0.016644
917,0.983685,0.983296,0.981887,0.976794,1.868951,0.020437,0.016627
918,0.983687,0.983297,0.981885,0.976796,1.868905,0.020446,0.016616
919,0.983688,0.983299,0.981884,0.976808,1.868859,0.02045,0.016599
920,0.98369,0.9833,0.981882,0.97682,1.868812,0.02045,0.016587
921,0.983691,0.983301,0.981881,0.976836,1.868766,0.02045,0.016571
922,0.983693,0.983303,0.981879,0.976848,1.86872,0.020449,0.016559
923,0.983694,0.983304,0.981878,0.976855,1.868674,0.020454,0.016547
924,0.983695,0.983306,0.981876,0.976862,1.868627,0.020458,0.016536
925,0.983697,0.983307,0.981875,0.976869,1.868581,0.020463,0.016524
926,0.983698,0.983309,0.981874,0.976885,1.868535,0.020463,0.016508
927,0.9837,0.98331,0.981872,0.976897,1.868488,0.020462,0.016496
928,0.983701,0.983312,0.981871,0.976913,1.868442,0.020462,0.01648
929,0.983703,0.983313,0.981869,0.97693,1.868396,0.020462,0.016463
930,0.983704,0.983315,0.981868,0.976946,1.86835,0.020462,0.016447
931,0.983706,0.983316,0.981866,0.976963,1.868303,0.020461,0.01643
932,0.983707,0.983317,0.981865,0.976979,1.868257,0.020461,0.016414
933,0.983709,0.983319,0.981863,0.976996,1.868211,0.020461,0.016398
934,0.98371,0.98332,0.981862,0.977012,1.868165,0.02046,0.016381
935,0.983711,0.983322,0.98186,0.977029,1.868118,0.02046,0.016365
936,0.983713,0.983323,0.981859,0.977045,1.868072,0.02046,0.016349
937,0.983714,0.983324,0.981858,0.977057,1.868033,0.020464,0.016332
938,0.983715,0.983325,0.981857,0.977068,1.867995,0.020469,0.016316
939,0.983715,0.983326,0.981857,0.97708,1.867956,0.020474,0.016299
940,0.983716,0.983327,0.981856,0.977091,1.867918,0.020479,0.016283
941,0.983717,0.983327,0.981855,0.977103,1.867879,0.020483,0.016267
942,0.983718,0.983328,0.981854,0.977109,1.86784,0.020493,0.01625
943,0.983719,0.983329,0.981853,0.977116,1.867802,0.020502,0.016234
944,0.983719,0.98333,0.981852,0.977128,1.867763,0.020507,0.016218
945,0.98372,0.983331,0.981852,0.977139,1.867725,0.020512,0.016201
946,0.983721,0.983331,0.981851,0.977151,1.867686,0.020516,0.016185
947,0.983722,0.983332,0.98185,0.977162,1.867647,0.020521,0.016169
948,0.983723,0.983333,0.981849,0.977173,1.867609,0.020526,0.016152
949,0.983724,0.983334,0.981848,0.977185,1.86757,0.02053,0.016136
950,0.983724,0.983335,0.981847,0.977196,1.867532,0.020535,0.01612
951,0.983725,0.983336,0.981847,0.977208,1.867493,0.02054,0.016104
952,0.983726,0.983337,0.981846,0.977219,1.867455,0.020544,0.016088
953,0.983727,0.983337,0.981845,0.977225,1.867416,0.020554,0.016072
954,0.983728,0.983338,0.981844,0.977232,1.867377,0.020563,0.016055
955,0.983729,0.983339,0.981843,0.977243,1.867339,0.020568,0.016039
956,0.98373,0.98334,0.981842,0.977254,1.8673,0.020573,0.016023
957,0.983731,0.983341,0.981841,0.977266,1.867262,0.020578,0.016007
958,0.983731,0.983342,0.98184,0.977277,1.867223,0.020582,0.015991
959,0.983732,0.983343,0.98184,0.977288,1.867184,0.020587,0.015975
960,0.983733,0.983344,0.981839,0.977299,1.867146,0.020592,0.015959
961,0.983734,0.983345,0.981838,0.977311,1.867107,0.020596,0.015943
962,0.983735,0.983345,0.981837,0.977322,1.867069,0.020601,0.015927
963,0.983736,0.983346,0.981836,0.977333,1.86703,0.020606,0.015911
964,0.983737,0.983347,0.981835,0.977344,1.866992,0.02061,0.015895
965,0.983738,0.983348,0.981834,0.977355,1.866953,0.020615,0.015879
966,0.983739,0.983349,0.981833,0.977366,1.866914,0.02062,0.015863
967,0.98374,0.98335,0.981832,0.977377,1.866876,0.020624,0.015847
968,0.983741,0.983351,0.981831,0.977384,1.866837,0.020629,0.015836
969,0.983741,0.983352,0.98183,0.977395,1.866799,0.020634,0.01582
970,0.983742,0.983353,0.98183,0.977401,1.86676,0.020638,0.015809
971,0.983743,0.983354,0.981829,0.977412,1.866722,0.020643,0.015793
972,0.983744,0.983355,0.981828,0.977418,1.866683,0.020653,0.015777
973,0.983745,0.983356,0.981827,0.977424,1.866644,0.020662,0.015761
974,0.983746,0.983356,0.981826,0.977431,1.866606,0.020672,0.015745
975,0.983747,0.983357,0.981825,0.977437,1.866567,0.020681,0.01573
976,0.983748,0.983358,0.981824,0.977443,1.866529,0.020691,0.015714
977,0.983749,0.983359,0.981823,0.977454,1.86649,0.020695,0.015698
978,0.98375,0.98336,0.981822,0.977465,1.866451,0.0207,0.015682
979,0.983751,0.983361,0.981821,0.977471,1.866413,0.020709,0.015667
980,0.983752,0.983362,0.98182,0.977477,1.866374,0.020719,0.015651
981,0.983753,0.983363,0.981819,0.977483,1.866336,0.020729,0.015635
982,0.983754,0.983364,0.981818,0.977494,1.866297,0.020733,0.015619
983,0.983755,0.983365,0.981817,0.9775,1.866259,0.020743,0.015604
984,0.983756,0.983366,0.981816,0.977506,1.86622,0.020752,0.015588
985,0.983757,0.983367,0.981815,0.977512,1.866181,0.020762,0.015572
986,0.983758,0.983368,0.981814,0.977518,1.866143,0.020771,0.015557
987,0.983758,0.983369,0.981813,0.977524,1.866104,0.020781,0.015541
988,0.983759,0.98337,0.981812,0.97753,1.866066,0.02079,0.015525
989,0.98376,0.983371,0.981811,0.977536,1.866027,0.0208,0.01551
990,0.983761,0.983372,0.981811,0.977542,1.865989,0.020809,0.015494
991,0.983762,0.983373,0.98181,0.977552,1.86595,0.020814,0.015479
992,0.983763,0.983374,0.981809,0.977563,1.865911,0.020819,0.015463
993,0.983764,0.983375,0.981808,0.977574,1.865873,0.020823,0.015448
994,0.983765,0.983376,0.981807,0.977584,1.865834,0.020828,0.015432
995,0.983766,0.983377,0.981806,0.977595,1.865796,0.020833,0.015417
996,0.983767,0.983378,0.981805,0.977606,1.865757,0.020837,0.015401
997,0.983768,0.983379,0.981804,0.977612,1.865719,0.020847,0.015386
998,0.983769,0.98338,0.981803,0.977622,1.86568,0.020851,0.01537
999,0.98377,0.983381,0.981802,0.977633,1.865641,0.020856,0.015355
1000,0.983771,0.983382,0.981801,0.977644,1.865603,0.020861,0.015339
1001,0.983772,0.983383,0.9818,0.977654,1.865564,0.020865,0.015324
1002,0.983773,0.983384,0.981799,0.977665,1.865526,0.02087,0.015309
1003,0.983774,0.983385,0.981798,0.977675,1.865487,0.020875,0.015293
1004,0.983775,0.983385,0.981797,0.977691,1.865449,0.020874,0.015278
1005,0.983776,0.983386,0.981796,0.977706,1.86541,0.020874,0.015262
1006,0.983777,0.983387,0.981795,0.977721,1.865371,0.020874,0.015247
1007,0.983778,0.983388,0.981794,0.977732,1.865333,0.020879,0.015232
1008,0.983779,0.983389,0.981793,0.977742,1.865294,0.020884,0.015216
1009,0.98378,0.98339,0.981792,0.977757,1.865256,0.020883,0.015201
1010,0.983781,0.983391,0.981791,0.977768,1.865217,0.020888,0.015186
1011,0.983782,0.983392,0.98179,0.977783,1.865179,0.020888,0.015171
1012,0.983783,0.983393,0.981789,0.977798,1.86514,0.020888,0.015155
1013,0.983784,0.983395,0.981788,0.977809,1.865101,0.020892,0.01514
1014,0.983785,0.983396,0.981787,0.977819,1.865063,0.020897,0.015125
1015,0.983786,0.983397,0.981786,0.97783,1.865024,0.020902,0.01511
1016,0.983787,0.983398,0.981785,0.97784,1.864986,0.020906,0.015095
1017,0.983788,0.983399,0.981784,0.97785,1.864947,0.020911,0.015079
1018,0.983789,0.9834,0.981783,0.977861,1.864909,0.020916,0.015064
1019,0.98379,0.983401,0.981782,0.977871,1.86487,0.02092,0.015049
1020,0.983791,0.983402,0.981781,0.977881,1.864831,0.020925,0.015034
1021,0.983792,0.983403,0.98178,0.977891,1.864793,0.02093,0.015019
1022,0.983793,0.983404,0.981779,0.977902,1.864754,0.020934,0.015004
1023,0.983794,0.983405,0.981778,0.977912,1.864716,0.020939,0.014989
1024,0.983795,0.983406,0.981777,0.977922,1.864677,0.020944,0.014974
1025,0.983796,0.983407,0.981776,0.977932,1.864639,0.020948,0.014959
1026,0.983797,0.983408,0.981775,0.977943,1.8646,0.020953,0.014944
1027,0.983798,0.983409,0.981774,0.977953,1.864562,0.020958,0.014929
1028,0.983799,0.98341,0.981773,0.977963,1.864523,0.020962,0.014914
1029,0.9838,0.983411,0.981772,0.977973,1.864484,0.020967,0.014899
1030,0.983801,0.983412,0.98177,0.977988,1.864446,0.020967,0.014884
1031,0.983802,0.983413,0.981769,0.978003,1.864407,0.020967,0.014869
1032,0.983803,0.983414,0.981768,0.978018,1.864369,0.020967,0.014854
1033,0.983804,0.983415,0.981767,0.978033,1.86433,0.020966,0.014839
1034,0.983806,0.983416,0.981766,0.978043,1.864292,0.020971,0.014824
1035,0.983807,0.983417,0.981765,0.978048,1.864253,0.020981,0.014809
1036,0.983808,0.983418,0.981764,0.978058,1.864214,0.020985,0.014794
1037,0.983809,0.983419,0.981763,0.978068,1.864176,0.02099,0.014779
1038,0.98381,0.98342,0.981762,0.978078,1.864137,0.020995,0.014764
1039,0.983811,0.983421,0.981761,0.978088,1.864099,0.020999,0.01475
1040,0.983812,0.983422,0.98176,0.978098,1.86406,0.021004,0.014735
1041,0.983813,0.983423,0.981759,0.978108,1.864022,0.021009,0.01472
1042,0.983814,0.983424,0.981758,0.978118,1.863983,0.021013,0.014705
1043,0.983815,0.983425,0.981757,0.978128,1.863944,0.021018,0.01469
1044,0.983816,0.983426,0.981756,0.978138,1.863906,0.021023,0.014676
1045,0.983817,0.983427,0.981755,0.978148,1.863867,0.021027,0.014661
1046,0.983818,0.983428,0.981754,0.978158,1.863829,0.021032,0.014646
1047,0.983819,0.983429,0.981753,0.978168,1.86379,0.021037,0.014631
1048,0.98382,0.98343,0.981752,0.978177,1.863752,0.021041,0.014617
1049,0.983821,0.983431,0.981751,0.978187,1.863713,0.021046,0.014602
1050,0.983822,0.983432,0.98175,0.978197,1.863674,0.021051,0.014587
1051,0.983823,0.983433,0.981749,0.978207,1.863636,0.021055,0.014573
1052,0.983824,0.983434,0.981748,0.978217,1.863597,0.02106,0.014558
1053,0.983825,0.983436,0.981747,0.978227,1.863559,0.021065,0.014543
1054,0.983826,0.983437,0.981746,0.978236,1.86352,0.021069,0.014529
1055,0.983827,0.983438,0.981745,0.978246,1.863482,0.021074,0.014514
1056,0.983828,0.983439,0.981744,0.978256,1.863443,0.021079,0.0145
1057,0.983829,0.98344,0.981743,0.978266,1.863405,0.021083,0.014485
1058,0.98383,0.983441,0.981742,0.978275,1.863366,0.021088,0.014471
1059,0.983831,0.983442,0.981741,0.978285,1.863327,0.021093,0.014456
1060,0.983832,0.983443,0.981739,0.978299,1.863289,0.021092,0.014441
1061,0.983833,0.983444,0.981738,0.978314,1.86325,0.021092,0.014427
1062,0.983835,0.983445,0.981737,0.978328,1.863212,0.021092,0.014412
1063,0.983836,0.983446,0.981736,0.978343,1.863173,0.021092,0.014398
1064,0.983837,0.983447,0.981735,0.978357,1.863135,0.021092,0.014383
1065,0.983838,0.983448,0.981734,0.978372,1.863096,0.021092,0.014369
1066,0.983839,0.983449,0.981733,0.978386,1.863057,0.021091,0.014355
1067,0.98384,0.98345,0.981732,0.978401,1.863019,0.021091,0.01434
1068,0.983841,0.983451,0.981731,0.978415,1.86298,0.021091,0.014326
1069,0.983842,0.983452,0.98173,0.978429,1.862942,0.021091,0.014311
1070,0.983843,0.983453,0.981729,0.978444,1.862903,0.021091,0.014297
1071,0.983844,0.983454,0.981728,0.978458,1.862865,0.021091,0.014283
1072,0.983845,0.983455,0.981727,0.978473,1.862826,0.02109,0.014268
1073,0.983846,0.983456,0.981726,0.978487,1.862787,0.02109,0.014254
1074,0.983847,0.983457,0.981725,0.978501,1.862749,0.02109,0.01424
1075,0.983848,0.983458,0.981724,0.978516,1.86271,0.02109,0.014225
1076,0.983849,0.98346,0.981723,0.97853,1.862672,0.02109,0.014211
1077,0.98385,0.983461,0.981722,0.978544,1.862633,0.02109,0.014197
1078,0.983851,0.983462,0.981721,0.978558,1.862595,0.021089,0.014182
1079,0.983852,0.983463,0.98172,0.978568,1.862556,0.021094,0.014168
1080,0.983853,0.983464,0.981719,0.978577,1.862518,0.021099,0.014154
1081,0.983854,0.983465,0.981717,0.978586,1.862479,0.021099,0.014145
1082,0.983855,0.983466,0.981716,0.978601,1.86244,0.021098,0.01413
1083,0.983857,0.983467,0.981715,0.978615,1.862402,0.021098,0.014116
1084,0.983858,0.983468,0.981714,0.978629,1.862363,0.021098,0.014102
1085,0.983859,0.983469,0.981713,0.978643,1.862325,0.021098,0.014088
1086,0.98386,0.98347,0.981712,0.978657,1.862286,0.021098,0.014074
1087,0.983861,0.983471,0.981711,0.978672,1.862248,0.021098,0.01406
1088,0.983862,0.983472,0.98171,0.978686,1.862209,0.021097,0.014045
1089,0.983863,0.983473,0.981709,0.9787,1.86217,0.021097,0.014031
1090,0.983864,0.983474,0.981708,0.978714,1.862132,0.021097,0.014017
1091,0.983865,0.983475,0.981707,0.978728,1.862093,0.021097,0.014003
1092,0.983866,0.983476,0.981706,0.978742,1.862055,0.021097,0.013989
1093,0.983867,0.983477,0.981705,0.978756,1.862016,0.021097,0.013975
1094,0.983868,0.983479,0.981704,0.97877,1.861978,0.021096,0.013961
1095,0.983869,0.98348,0.981703,0.978784,1.861939,0.021096,0.013947
1096,0.98387,0.983481,0.981702,0.978798,1.861901,0.021096,0.013933
1097,0.983871,0.983482,0.981701,0.978812,1.861862,0.021096,0.013919
1098,0.983872,0.983483,0.9817,0.978826,1.861823,0.021096,0.013905
1099,0.983873,0.983484,0.981698,0.97884,1.861785,0.021096,0.013891
1100,0.983875,0.983485,0.981697,0.978854,1.861746,0.021095,0.013877
1101,0.983876,0.983486,0.981696,0.978868,1.861708,0.021095,0.013863
1102,0.983877,0.983487,0.981695,0.978882,1.861669,0.021095,0.013849
1103,0.983878,0.983488,0.981694,0.978896,1.861631,0.021095,0.013835
1104,0.983879,0.983489,0.981693,0.97891,1.861592,0.021095,0.013821
1105,0.98388,0.98349,0.981692,0.978923,1.861553,0.021095,0.013807
1106,0.983881,0.983491,0.981691,0.978937,1.861515,0.021094,0.013793
1107,0.983882,0.983492,0.98169,0.978951,1.861476,0.021094,0.01378
1108,0.983883,0.983493,0.981689,0.978965,1.861438,0.021094,0.013766
1109,0.983884,0.983494,0.981688,0.978979,1.861399,0.021094,0.013752
1110,0.983885,0.983496,0.981687,0.978993,1.861361,0.021094,0.013738
1111,0.983886,0.983497,0.981686,0.979002,1.861322,0.021098,0.013724
1112,0.983887,0.983498,0.981685,0.979011,1.861283,0.021103,0.013711
1113,0.983888,0.983499,0.981684,0.979024,1.861245,0.021103,0.013697
1114,0.983889,0.9835,0.981682,0.979038,1.861206,0.021103,0.013683
1115,0.983891,0.983501,0.981681,0.979052,1.861168,0.021102,0.013669
1116,0.983892,0.983502,0.98168,0.979066,1.861129,0.021102,0.013655
1117,0.983893,0.983503,0.981679,0.979079,1.861091,0.021102,0.013642
1118,0.983894,0.983504,0.981678,0.979088,1.861052,0.021107,0.013628
1119,0.983895,0.983505,0.981677,0.979097,1.861014,0.021111,0.013614
1120,0.983896,0.983506,0.981676,0.979111,1.860975,0.021111,0.013601
1121,0.983897,0.983507,0.981675,0.979125,1.860936,0.021111,0.013587
1122,0.983898,0.983508,0.981674,0.979138,1.860898,0.021111,0.013573
1123,0.983899,0.983509,0.981673,0.979152,1.860859,0.021111,0.01356
1124,0.9839,0.983511,0.981672,0.979166,1.860821,0.02111,0.013546
1125,0.983901,0.983512,0.981671,0.979179,1.860782,0.02111,0.013532
1126,0.983902,0.983513,0.98167,0.979193,1.860744,0.02111,0.013519
1127,0.983903,0.983514,0.981669,0.979206,1.860705,0.02111,0.013505
1128,0.983904,0.983515,0.981667,0.97922,1.860666,0.02111,0.013492
1129,0.983906,0.983516,0.981666,0.979233,1.860628,0.02111,0.013478
1130,0.983907,0.983517,0.981665,0.979247,1.860589,0.021109,0.013465
1131,0.983908,0.983518,0.981664,0.97926,1.860551,0.021109,0.013451
1132,0.983909,0.983519,0.981663,0.979274,1.860512,0.021109,0.013438
1133,0.98391,0.98352,0.981662,0.979287,1.860474,0.021109,0.013424
1134,0.983911,0.983521,0.981661,0.979301,1.860435,0.021109,0.013411
1135,0.983912,0.983522,0.98166,0.979314,1.860397,0.021109,0.013397
1136,0.983913,0.983523,0.981659,0.979328,1.860358,0.021108,0.013384
1137,0.983914,0.983525,0.981658,0.979341,1.860319,0.021108,0.01337
1138,0.983915,0.983526,0.981657,0.97935,1.860281,0.021113,0.013357
1139,0.983916,0.983527,0.981656,0.979363,1.860242,0.021113,0.013343
1140,0.983917,0.983528,0.981655,0.979377,1.860204,0.021112,0.01333
1141,0.983918,0.983529,0.981653,0.97939,1.860165,0.021112,0.013317
1142,0.98392,0.98353,0.981652,0.979403,1.860127,0.021112,0.013303
1143,0.983921,0.983531,0.981651,0.979417,1.860088,0.021112,0.01329
1144,0.983922,0.983532,0.98165,0.97943,1.860049,0.021112,0.013276
1145,0.983923,0.983533,0.981649,0.979444,1.860011,0.021112,0.013263
1146,0.983924,0.983534,0.981648,0.979457,1.859972,0.021112,0.01325
1147,0.983925,0.983535,0.981647,0.97947,1.859934,0.021111,0.013236
1148,0.983926,0.983536,0.981646,0.979483,1.859895,0.021111,0.013223
1149,0.983927,0.983537,0.981645,0.979492,1.859857,0.021116,0.01321
1150,0.983928,0.983539,0.981644,0.9795,1.859818,0.021121,0.013197
1151,0.983929,0.98354,0.981643,0.979504,1.85978,0.02113,0.013183
1152,0.98393,0.983541,0.981642,0.979503,1.859741,0.021144,0.01317
1153,0.983931,0.983542,0.98164,0.979506,1.859702,0.021154,0.013157
1154,0.983932,0.983543,0.981639,0.97951,1.859664,0.021163,0.013144
1155,0.983934,0.983544,0.981638,0.979518,1.859625,0.021168,0.01313
1156,0.983935,0.983545,0.981637,0.979527,1.859587,0.021172,0.013117
1157,0.983936,0.983546,0.981636,0.979535,1.859548,0.021177,0.013104
1158,0.983937,0.983547,0.981635,0.979543,1.85951,0.021182,0.013091
1159,0.983938,0.983548,0.981634,0.979552,1.859471,0.021186,0.013078
1160,0.983939,0.983549,0.981633,0.97956,1.859432,0.021191,0.013065
1161,0.98394,0.98355,0.981632,0.979568,1.859394,0.021196,0.013051
1162,0.983941,0.983551,0.981631,0.979576,1.859355,0.021201,0.013038
1163,0.983942,0.983553,0.98163,0.979585,1.859317,0.021205,0.013025
1164,0.983943,0.983554,0.981629,0.979593,1.859278,0.02121,0.013012
1165,0.983944,0.983555,0.981628,0.979601,1.85924,0.021215,0.012999
1166,0.983945,0.983556,0.981626,0.979609,1.859201,0.021219,0.012986
1167,0.983947,0.983557,0.981625,0.979618,1.859163,0.021224,0.012973
1168,0.983948,0.983558,0.981624,0.979626,1.859124,0.021229,0.01296
1169,0.983949,0.983559,0.981623,0.979634,1.859085,0.021233,0.012947
1170,0.98395,0.98356,0.981622,0.979642,1.859047,0.021238,0.012934
1171,0.983951,0.983561,0.981621,0.97965,1.859008,0.021243,0.012921
1172,0.983952,0.983562,0.98162,0.979658,1.85897,0.021247,0.012908
1173,0.983953,0.983563,0.981619,0.979666,1.858931,0.021252,0.012895
1174,0.983954,0.983564,0.981618,0.979679,1.858893,0.021252,0.012882
1175,0.983955,0.983566,0.981617,0.979692,1.858854,0.021252,0.012869
1176,0.983956,0.983567,0.981616,0.979705,1.858815,0.021251,0.012856
1177,0.983957,0.983568,0.981615,0.979718,1.858777,0.021251,0.012843
1178,0.983958,0.983569,0.981613,0.979731,1.858738,0.021251,0.01283
1179,0.983959,0.98357,0.981612,0.979744,1.8587,0.021251,0.012817
1180,0.983961,0.983571,0.981611,0.979757,1.858661,0.021251,0.012804
1181,0.983962,0.983572,0.98161,0.97977,1.858623,0.021251,0.012792
1182,0.983963,0.983573,0.981609,0.979782,1.858584,0.02125,0.012779
1183,0.983964,0.983574,0.981608,0.979795,1.858545,0.02125,0.012766
1184,0.983965,0.983575,0.981607,0.979808,1.858507,0.02125,0.012753
1185,0.983966,0.983576,0.981606,0.979821,1.858468,0.02125,0.01274
1186,0.983967,0.983577,0.981605,0.979834,1.85843,0.02125,0.012727
1187,0.983968,0.983578,0.981604,0.979846,1.858391,0.02125,0.012715
1188,0.983969,0.98358,0.981603,0.979859,1.858353,0.021249,0.012702
1189,0.98397,0.983581,0.981602,0.979872,1.858314,0.021249,0.012689
1190,0.983971,0.983582,0.981601,0.979885,1.858276,0.021249,0.012676
1191,0.983972,0.983583,0.981599,0.979897,1.858237,0.021249,0.012664
1192,0.983974,0.983584,0.981598,0.97991,1.858198,0.021249,0.012651
1193,0.983975,0.983585,0.981597,0.979923,1.85816,0.021249,0.012638
1194,0.983976,0.983586,0.981596,0.979936,1.858121,0.021248,0.012625
1195,0.983977,0.983587,0.981595,0.979948,1.858083,0.021248,0.012613
1196,0.983978,0.983588,0.981594,0.979961,1.858044,0.021248,0.0126
1197,0.983979,0.983589,0.981593,0.979974,1.858006,0.021248,0.012587
1198,0.98398,0.98359,0.981592,0.979986,1.857967,0.021248,0.012575
1199,0.983981,0.983591,0.981591,0.979999,1.857928,0.021248,0.012562
1200,0.983982,0.983593,0.98159,0.980011,1.85789,0.021247,0.012549
1201,0.983983,0.983594,0.981589,0.980024,1.857851,0.021247,0.012537
1202,0.983984,0.983595,0.981588,0.980037,1.857813,0.021247,0.012524
1203,0.983985,0.983596,0.981587,0.980049,1.857774,0.021247,0.012512
1204,0.983986,0.983597,0.981585,0.980062,1.857736,0.021247,0.012499
1205,0.983988,0.983598,0.981584,0.980074,1.857697,0.021247,0.012486
1206,0.983989,0.983599,0.981583,0.980087,1.857659,0.021246,0.012474
1207,0.98399,0.9836,0.981582,0.980099,1.85762,0.021246,0.012461
1208,0.983991,0.983601,0.981581,0.980112,1.857581,0.021246,0.012449
1209,0.983992,0.983602,0.98158,0.980124,1.857543,0.021246,0.012436
1210,0.983993,0.983603,0.981579,0.980137,1.857504,0.021246,0.012424
1211,0.983994,0.983604,0.981578,0.980149,1.857466,0.021246,0.012411
1212,0.983995,0.983605,0.981577,0.980162,1.857427,0.021246,0.012399
1213,0.983996,0.983606,0.981576,0.980174,1.857389,0.021245,0.012386
1214,0.983997,0.983608,0.981575,0.980187,1.85735,0.021245,0.012374
1215,0.983998,0.983609,0.981574,0.980199,1.857311,0.021245,0.012361
1216,0.983999,0.98361,0.981573,0.980212,1.857273,0.021245,0.012349
1217,0.984,0.983611,0.981572,0.980224,1.857234,0.021245,0.012337
1218,0.984001,0.983612,0.98157,0.980236,1.857196,0.021245,0.012324
1219,0.984003,0.983613,0.981569,0.980249,1.857157,0.021244,0.012312
1220,0.984004,0.983614,0.981568,0.980261,1.857119,0.021244,0.012299
1221,0.984005,0.983615,0.981567,0.980273,1.85708,0.021244,0.012287
1222,0.984006,0.983616,0.981566,0.980286,1.857042,0.021244,0.012275
1223,0.984007,0.983617,0.981565,0.980298,1.857003,0.021244,0.012262
1224,0.984008,0.983618,0.981564,0.98031,1.856964,0.021244,0.01225
1225,0.984009,0.983619,0.981563,0.980323,1.856926,0.021243,0.012238
1226,0.98401,0.98362,0.981562,0.980335,1.856887,0.021243,0.012225
1227,0.984011,0.983621,0.981561,0.980347,1.856849,0.021243,0.012213
1228,0.984012,0.983623,0.98156,0.980355,1.85681,0.021243,0.012206
1229,0.984013,0.983624,0.981559,0.980367,1.856772,0.021243,0.012193
1230,0.984014,0.983625,0.981558,0.980379,1.856733,0.021243,0.012181
1231,0.984015,0.983626,0.981556,0.980391,1.856694,0.021242,0.012169
1232,0.984016,0.983627,0.981555,0.980399,1.856656,0.021242,0.012162
1233,0.984018,0.983628,0.981554,0.980411,1.856617,0.021242,0.012149
1234,0.984019,0.983629,0.981553,0.980418,1.856579,0.021242,0.012142
1235,0.98402,0.98363,0.981552,0.980431,1.85654,0.021242,0.01213
1236,0.984021,0.983631,0.981551,0.980438,1.856502,0.021242,0.012122
1237,0.984022,0.983632,0.98155,0.98045,1.856463,0.021241,0.01211
1238,0.984023,0.983633,0.981549,0.980457,1.856425,0.021241,0.012103
1239,0.984024,0.983634,0.981548,0.98047,1.856386,0.021241,0.012091
1240,0.984025,0.983635,0.981547,0.980477,1.856347,0.021241,0.012083
1241,0.984026,0.983637,0.981546,0.980484,1.856309,0.021241,0.012076
1242,0.984027,0.983638,0.981545,0.980491,1.85627,0.021241,0.012069
1243,0.984028,0.983639,0.981544,0.980503,1.856232,0.02124,0.012057
1244,0.984029,0.98364,0.981543,0.980516,1.856193,0.02124,0.012045
1245,0.98403,0.983641,0.981541,0.980523,1.856155,0.02124,0.012037
1246,0.984032,0.983642,0.98154,0.980535,1.856116,0.02124,0.012025
1247,0.984033,0.983643,0.981539,0.980547,1.856077,0.02124,0.012013
1248,0.984034,0.983644,0.981538,0.980549,1.856039,0.021244,0.012006
1249,0.984035,0.983645,0.981537,0.980561,1.856,0.021244,0.011994
1250,0.984036,0.983646,0.981536,0.980569,1.855962,0.021244,0.011987
1251,0.984037,0.983647,0.981535,0.980581,1.855923,0.021244,0.011975
1252,0.984038,0.983648,0.981534,0.980588,1.855885,0.021244,0.011967
1253,0.984039,0.983649,0.981533,0.9806,1.855846,0.021244,0.011955
1254,0.98404,0.98365,0.981532,0.980612,1.855808,0.021243,0.011943
1255,0.984041,0.983652,0.981531,0.980624,1.855769,0.021243,0.011931
1256,0.984042,0.983653,0.98153,0.980636,1.85573,0.021243,0.011919
1257,0.984043,0.983654,0.981529,0.980648,1.855692,0.021243,0.011907
1258,0.984044,0.983655,0.981528,0.98066,1.855653,0.021243,0.011895
1259,0.984045,0.983656,0.981526,0.980672,1.855615,0.021243,0.011883
1260,0.984046,0.983657,0.981525,0.980684,1.855576,0.021242,0.011872
1261,0.984048,0.983658,0.981524,0.980696,1.855538,0.021242,0.01186
1262,0.984049,0.983659,0.981523,0.980708,1.855499,0.021242,0.011848
1263,0.98405,0.98366,0.981522,0.980719,1.85546,0.021242,0.011836
1264,0.984051,0.983661,0.981521,0.980731,1.855422,0.021242,0.011824
1265,0.984052,0.983662,0.98152,0.980743,1.855383,0.021242,0.011812
1266,0.984053,0.983663,0.981519,0.980755,1.855345,0.021241,0.0118
1267,0.984054,0.983664,0.981518,0.980767,1.855306,0.021241,0.011788
1268,0.984055,0.983665,0.981517,0.980779,1.855268,0.021241,0.011776
1269,0.984056,0.983666,0.981516,0.980791,1.855229,0.021241,0.011764
1270,0.984057,0.983668,0.981515,0.980802,1.855191,0.021241,0.011753
1271,0.984058,0.983669,0.981514,0.980809,1.855152,0.021245,0.011741
1272,0.984059,0.983669,0.981513,0.980821,1.855121,0.021245,0.011729
1273,0.984059,0.983669,0.981513,0.980833,1.85509,0.021245,0.011717
1274,0.984059,0.98367,0.981513,0.980845,1.855059,0.021245,0.011705
1275,0.98406,0.98367,0.981512,0.980857,1.855028,0.021245,0.011693
1276,0.98406,0.983671,0.981512,0.980864,1.854998,0.02125,0.011681
1277,0.984061,0.983671,0.981511,0.980871,1.854967,0.021255,0.011669
1278,0.984061,0.983671,0.981511,0.980883,1.854936,0.021255,0.011658
1279,0.984061,0.983672,0.981511,0.980895,1.854905,0.021255,0.011646
1280,0.984062,0.983672,0.98151,0.980906,1.854874,0.021255,0.011634
1281,0.984062,0.983672,0.98151,0.980918,1.854843,0.021255,0.011622
1282,0.984063,0.983673,0.981509,0.98093,1.854812,0.021255,0.01161
1283,0.984063,0.983673,0.981509,0.980942,1.854781,0.021255,0.011598
1284,0.984063,0.983674,0.981509,0.980949,1.85475,0.021259,0.011587
1285,0.984064,0.983674,0.981508,0.980956,1.85472,0.021264,0.011575
1286,0.984064,0.983674,0.981508,0.980967,1.854689,0.021264,0.011563
1287,0.984064,0.983675,0.981507,0.980974,1.854658,0.021269,0.011551
1288,0.984065,0.983675,0.981507,0.980986,1.854627,0.021269,0.01154
1289,0.984065,0.983676,0.981507,0.980998,1.854596,0.021269,0.011528
1290,0.984066,0.983676,0.981506,0.981009,1.854565,0.021269,0.011516
1291,0.984066,0.983676,0.981506,0.981021,1.854534,0.021269,0.011504
1292,0.984066,0.983677,0.981506,0.981033,1.854503,0.021269,0.011493
1293,0.984067,0.983677,0.981505,0.981044,1.854473,0.021269,0.011481
1294,0.984067,0.983678,0.981505,0.981056,1.854442,0.021269,0.011469
1295,0.984068,0.983678,0.981504,0.981067,1.854411,0.021269,0.011458
1296,0.984068,0.983678,0.981504,0.981079,1.85438,0.021269,0.011446
1297,0.984068,0.983679,0.981504,0.981091,1.854349,0.021269,0.011434
1298,0.984069,0.983679,0.981503,0.981102,1.854318,0.021269,0.011423
1299,0.984069,0.983679,0.981503,0.981114,1.854287,0.021269,0.011411
1300,0.984069,0.98368,0.981502,0.981125,1.854256,0.021269,0.0114
1301,0.98407,0.98368,0.981502,0.981137,1.854225,0.021269,0.011388
1302,0.98407,0.983681,0.981502,0.981148,1.854195,0.021269,0.011376
1303,0.984071,0.983681,0.981501,0.98116,1.854164,0.021269,0.011365
1304,0.984071,0.983681,0.981501,0.981172,1.854133,0.021269,0.011353
1305,0.984071,0.983682,0.9815,0.981183,1.854102,0.021269,0.011342
1306,0.984072,0.983682,0.9815,0.981195,1.854071,0.021269,0.01133
1307,0.984072,0.983683,0.9815,0.981206,1.85404,0.021269,0.011319
1308,0.984073,0.983683,0.981499,0.981217,1.854009,0.021269,0.011307
1309,0.984073,0.983683,0.981499,0.981229,1.853978,0.021269,0.011296
1310,0.984073,0.983684,0.981499,0.98124,1.853948,0.021269,0.011284
1311,0.984074,0.983684,0.981498,0.981252,1.853917,0.021268,0.011273
1312,0.984074,0.983684,0.981498,0.981263,1.853886,0.021268,0.011261
1313,0.984075,0.983685,0.981497,0.98127,1.853855,0.021273,0.01125
1314,0.984075,0.983685,0.981497,0.981281,1.853824,0.021273,0.011238
1315,0.984075,0.983686,0.981497,0.981293,1.853793,0.021273,0.011227
1316,0.984076,0.983686,0.981496,0.981299,1.853762,0.021278,0.011216
1317,0.984076,0.983686,0.981496,0.981306,1.853731,0.021283,0.011204
1318,0.984076,0.983687,0.981495,0.981312,1.8537,0.021288,0.011193
1319,0.984077,0.983687,0.981495,0.981319,1.85367,0.021292,0.011181
1320,0.984077,0.983688,0.981495,0.981325,1.853639,0.021297,0.01117
1321,0.984078,0.983688,0.981494,0.981332,1.853608,0.021302,0.011159
1322,0.984078,0.983688,0.981494,0.981338,1.853577,0.021307,0.011147
1323,0.984078,0.983689,0.981494,0.981349,1.853546,0.021307,0.011136
1324,0.984079,0.983689,0.981493,0.981361,1.853515,0.021307,0.011125
1325,0.984079,0.983689,0.981493,0.981372,1.853484,0.021307,0.011113
1326,0.984079,0.98369,0.981492,0.981383,1.853453,0.021307,0.011102
1327,0.98408,0.98369,0.981492,0.981395,1.853423,0.021307,0.011091
1328,0.98408,0.983691,0.981492,0.981406,1.853392,0.021307,0.011079
1329,0.984081,0.983691,0.981491,0.981417,1.853361,0.021307,0.011068
1330,0.984081,0.983691,0.981491,0.981428,1.85333,0.021307,0.011057
1331,0.984081,0.983692,0.981491,0.981439,1.853299,0.021307,0.011046
1332,0.984082,0.983692,0.98149,0.981451,1.853268,0.021307,0.011034
1333,0.984082,0.983693,0.98149,0.981462,1.853237,0.021307,0.011023
1334,0.984083,0.983693,0.981489,0.981473,1.853206,0.021307,0.011012
1335,0.984083,0.983693,0.981489,0.981484,1.853175,0.021307,0.011001
1336,0.984083,0.983694,0.981489,0.981495,1.853145,0.021307,0.01099
1337,0.984084,0.983694,0.981488,0.981507,1.853114,0.021307,0.010978
1338,0.984084,0.983694,0.981488,0.981518,1.853083,0.021306,0.010967
1339,0.984084,0.983695,0.981487,0.981529,1.853052,0.021306,0.010956
1340,0.984085,0.983695,0.981487,0.98154,1.853021,0.021306,0.010945
1341,0.984085,0.983696,0.981487,0.981551,1.85299,0.021306,0.010934
1342,0.984086,0.983696,0.981486,0.981562,1.852959,0.021306,0.010923
1343,0.984086,0.983696,0.981486,0.981573,1.852928,0.021306,0.010912
1344,0.984086,0.983697,0.981486,0.981584,1.852898,0.021306,0.0109
1345,0.984087,0.983697,0.981485,0.981595,1.852867,0.021306,0.010889
1346,0.984087,0.983697,0.981485,0.981606,1.852836,0.021306,0.010878
1347,0.984088,0.983698,0.981484,0.981617,1.852805,0.021306,0.010867
1348,0.984088,0.983698,0.981484,0.981628,1.852774,0.021306,0.010856
1349,0.984088,0.983699,0.981484,0.981639,1.852743,0.021306,0.010845
1350,0.984089,0.983699,0.981483,0.98165,1.852712,0.021306,0.010834
1351,0.984089,0.983699,0.981483,0.981661,1.852681,0.021306,0.010823
1352,0.984089,0.9837,0.981482,0.981672,1.852651,0.021306,0.010812
1353,0.98409,0.9837,0.981482,0.981683,1.85262,0.021306,0.010801
1354,0.98409,0.983701,0.981482,0.981694,1.852589,0.021306,0.01079
1355,0.984091,0.983701,0.981481,0.981705,1.852558,0.021306,0.010779
1356,0.984091,0.983701,0.981481,0.981716,1.852527,0.021306,0.010768
1357,0.984091,0.983702,0.981481,0.981727,1.852496,0.021306,0.010757
1358,0.984092,0.983702,0.98148,0.981738,1.852465,0.021306,0.010746
1359,0.984092,0.983702,0.98148,0.981749,1.852434,0.021306,0.010735
1360,0.984092,0.983703,0.981479,0.98176,1.852403,0.021306,0.010724
1361,0.984093,0.983703,0.981479,0.981771,1.852373,0.021306,0.010713
1362,0.984093,0.983704,0.981479,0.981781,1.852342,0.021306,0.010702
1363,0.984094,0.983704,0.981478,0.981792,1.852311,0.021306,0.010692
1364,0.984094,0.983704,0.981478,0.981803,1.85228,0.021306,0.010681
1365,0.984094,0.983705,0.981477,0.981809,1.852249,0.021306,0.010675
1366,0.984095,0.983705,0.981477,0.981815,1.852218,0.021306,0.010669
1367,0.984095,0.983706,0.981477,0.981821,1.852187,0.021306,0.010663
1368,0.984096,0.983706,0.981476,0.981832,1.852156,0.021306,0.010652
1369,0.984096,0.983706,0.981476,0.981843,1.852126,0.021306,0.010641
1370,0.984096,0.983707,0.981476,0.981853,1.852095,0.021306,0.01063
1371,0.984097,0.983707,0.981475,0.981864,1.852064,0.021306,0.010619
1372,0.984097,0.983707,0.981475,0.981875,1.852033,0.021306,0.010609
1373,0.984097,0.983708,0.981474,0.981886,1.852002,0.021306,0.010598
1374,0.984098,0.983708,0.981474,0.981897,1.851971,0.021306,0.010587
1375,0.984098,0.983709,0.981474,0.981907,1.85194,0.021306,0.010576
1376,0.984099,0.983709,0.981473,0.981918,1.851909,0.021306,0.010565
1377,0.984099,0.983709,0.981473,0.981929,1.851878,0.021305,0.010555
1378,0.984099,0.98371,0.981472,0.981939,1.851848,0.021305,0.010544
1379,0.9841,0.98371,0.981472,0.98195,1.851817,0.021305,0.010533
1380,0.9841,0.983711,0.981472,0.981961,1.851786,0.021305,0.010522
1381,0.984101,0.983711,0.981471,0.981971,1.851755,0.021305,0.010512
1382,0.984101,0.983711,0.981471,0.981982,1.851724,0.021305,0.010501
1383,0.984101,0.983712,0.981471,0.981993,1.851693,0.021305,0.01049
1384,0.984102,0.983712,0.98147,0.982003,1.851662,0.021305,0.01048
1385,0.984102,0.983712,0.98147,0.982014,1.851631,0.021305,0.010469
1386,0.984102,0.983713,0.981469,0.982025,1.851601,0.021305,0.010458
1387,0.984103,0.983713,0.981469,0.982035,1.85157,0.021305,0.010448
1388,0.984103,0.983714,0.981469,0.982046,1.851539,0.021305,0.010437
1389,0.984104,0.983714,0.981468,0.982056,1.851508,0.021305,0.010426
1390,0.984104,0.983714,0.981468,0.982067,1.851477,0.021305,0.010416
1391,0.984104,0.983715,0.981467,0.982078,1.851446,0.021305,0.010405
1392,0.984105,0.983715,0.981467,0.982088,1.851415,0.021305,0.010395
1393,0.984105,0.983716,0.981467,0.982099,1.851384,0.021305,0.010384
1394,0.984106,0.983716,0.981466,0.982109,1.851353,0.021305,0.010373
1395,0.984106,0.983716,0.981466,0.98212,1.851323,0.021305,0.010363
1396,0.984106,0.983717,0.981466,0.98213,1.851292,0.021305,0.010352
1397,0.984107,0.983717,0.981465,0.982141,1.851261,0.021305,0.010342
1398,0.984107,0.983718,0.981465,0.982151,1.85123,0.021305,0.010331
1399,0.984108,0.983718,0.981464,0.982162,1.851199,0.021305,0.010321
1400,0.984108,0.983718,0.981464,0.982172,1.851168,0.021305,0.01031
1401,0.984108,0.983719,0.981464,0.982183,1.851137,0.021305,0.0103
1402,0.984109,0.983719,0.981463,0.982193,1.851106,0.021305,0.010289
1403,0.984109,0.983719,0.981463,0.982204,1.851076,0.021305,0.010279
1404,0.984109,0.98372,0.981462,0.982214,1.851045,0.021305,0.010268
1405,0.98411,0.98372,0.981462,0.982224,1.851014,0.021305,0.010258
1406,0.98411,0.983721,0.981462,0.982235,1.850983,0.021305,0.010247
1407,0.984111,0.983721,0.981461,0.982245,1.850952,0.021305,0.010237
1408,0.984111,0.983721,0.981461,0.982256,1.850921,0.021305,0.010226
1409,0.984111,0.983722,0.98146,0.982266,1.85089,0.021305,0.010216
1410,0.984112,0.983722,0.98146,0.982276,1.850859,0.021305,0.010206
1411,0.984112,0.983723,0.98146,0.982287,1.850828,0.021305,0.010195
1412,0.984113,0.983723,0.981459,0.982297,1.850798,0.021305,0.010185
1413,0.984113,0.983723,0.981459,0.982307,1.850767,0.021305,0.010174
1414,0.984113,0.983724,0.981459,0.982318,1.850736,0.021305,0.010164
1415,0.984114,0.983724,0.981458,0.982328,1.850705,0.021305,0.010154
1416,0.984114,0.983725,0.981458,0.982338,1.850674,0.021305,0.010143
1417,0.984115,0.983725,0.981457,0.982349,1.850643,0.021305,0.010133
1418,0.984115,0.983725,0.981457,0.982359,1.850612,0.021305,0.010123
1419,0.984115,0.983726,0.981457,0.982369,1.850581,0.021304,0.010112
1420,0.984116,0.983726,0.981456,0.982379,1.850551,0.021304,0.010102
1421,0.984116,0.983726,0.981456,0.98239,1.85052,0.021304,0.010092
1422,0.984117,0.983727,0.981455,0.9824,1.850489,0.021304,0.010082
1423,0.984117,0.983727,0.981455,0.98241,1.850458,0.021304,0.010071
1424,0.984117,0.983728,0.981455,0.98242,1.850427,0.021304,0.010061
1425,0.984118,0.983728,0.981454,0.982431,1.850396,0.021304,0.010051
1426,0.984118,0.983728,0.981454,0.982436,1.850365,0.021309,0.010041
1427,0.984118,0.983729,0.981453,0.982446,1.850334,0.021309,0.01003
1428,0.984119,0.983729,0.981453,0.982456,1.850304,0.021309,0.01002
1429,0.984119,0.98373,0.981453,0.982467,1.850273,0.021309,0.01001
1430,0.98412,0.98373,0.981452,0.982477,1.850242,0.021309,0.01
1431,0.98412,0.98373,0.981452,0.982487,1.850211,0.021309,0.009989
1432,0.98412,0.983731,0.981451,0.982497,1.85018,0.021309,0.009979
1433,0.984121,0.983731,0.981451,0.982507,1.850149,0.021309,0.009969
1434,0.984121,0.983732,0.981451,0.982517,1.850118,0.021309,0.009959
1435,0.984122,0.983732,0.98145,0.982527,1.850087,0.021309,0.009949
1436,0.984122,0.983732,0.98145,0.982537,1.850056,0.021309,0.009939
1437,0.984122,0.983733,0.981449,0.982547,1.850026,0.021309,0.009929
1438,0.984123,0.983733,0.981449,0.982558,1.849995,0.021309,0.009918
1439,0.984123,0.983734,0.981449,0.982563,1.849964,0.021314,0.009908
1440,0.984124,0.983734,0.981448,0.982573,1.849933,0.021314,0.009898
1441,0.984124,0.983734,0.981448,0.982583,1.849902,0.021314,0.009888
1442,0.984124,0.983735,0.981447,0.982593,1.849871,0.021314,0.009878
1443,0.984125,0.983735,0.981447,0.982603,1.84984,0.021314,0.009868
1444,0.984125,0.983736,0.981447,0.982613,1.849809,0.021314,0.009858
1445,0.984126,0.983736,0.981446,0.982623,1.849779,0.021314,0.009848
1446,0.984126,0.983736,0.981446,0.982633,1.849748,0.021314,0.009838
1447,0.984126,0.983737,0.981446,0.982643,1.849717,0.021314,0.009828
1448,0.984127,0.983737,0.981445,0.982653,1.849686,0.021313,0.009818
1449,0.984127,0.983738,0.981445,0.982663,1.849655,0.021313,0.009808
1450,0.984128,0.983738,0.981444,0.982673,1.849624,0.021313,0.009798
1451,0.984128,0.983738,0.981444,0.982683,1.849593,0.021313,0.009788
1452,0.984128,0.983739,0.981444,0.982693,1.849562,0.021313,0.009778
1453,0.984129,0.983739,0.981443,0.982703,1.849531,0.021313,0.009768
1454,0.984129,0.983739,0.981443,0.982713,1.849501,0.021313,0.009758
1455,0.98413,0.98374,0.981442,0.982723,1.84947,0.021313,0.009748
1456,0.984129,0.98374,0.981442,0.982732,1.849447,0.021313,0.009738
1457,0.984129,0.98374,0.981442,0.982742,1.849423,0.021314,0.009728
1458,0.984129,0.98374,0.981443,0.982752,1.8494,0.021314,0.009718
1459,0.984129,0.98374,0.981443,0.982762,1.849377,0.021314,0.009708
1460,0.984129,0.98374,0.981443,0.982772,1.849354,0.021314,0.009698
1461,0.984129,0.98374,0.981443,0.982782,1.849331,0.021314,0.009688
1462,0.984129,0.98374,0.981443,0.982792,1.849307,0.021314,0.009678
1463,0.984129,0.98374,0.981443,0.982802,1.849284,0.021314,0.009668
1464,0.984129,0.983739,0.981443,0.982811,1.849261,0.021314,0.009658
1465,0.984129,0.983739,0.981443,0.982821,1.849238,0.021314,0.009648
1466,0.984129,0.983739,0.981443,0.982831,1.849215,0.021314,0.009638
1467,0.984129,0.983739,0.981443,0.982841,1.849191,0.021315,0.009628
1468,0.984129,0.983739,0.981443,0.982851,1.849168,0.021315,0.009618
1469,0.984129,0.983739,0.981443,0.982861,1.849145,0.021315,0.009609
1470,0.984129,0.983739,0.981443,0.98287,1.849122,0.021315,0.009599
1471,0.984129,0.983739,0.981443,0.98288,1.849099,0.021315,0.009589
1472,0.984129,0.983739,0.981443,0.98289,1.849076,0.021315,0.009579
1473,0.984129,0.983739,0.981443,0.9829,1.849052,0.021315,0.009569
1474,0.984129,0.983739,0.981443,0.982909,1.849029,0.021315,0.009559
1475,0.984129,0.983739,0.981443,0.982919,1.849006,0.021315,0.009549
1476,0.984129,0.983739,0.981443,0.982929,1.848983,0.021315,0.00954
1477,0.984129,0.983739,0.981443,0.982939,1.84896,0.021316,0.00953
1478,0.984128,0.983739,0.981443,0.982948,1.848936,0.021316,0.00952
1479,0.984128,0.983739,0.981443,0.982958,1.848913,0.021316,0.00951
1480,0.984128,0.983739,0.981444,0.982968,1.84889,0.021316,0.0095
1481,0.984128,0.983739,0.981444,0.982977,1.848867,0.021316,0.009491
1482,0.984128,0.983739,0.981444,0.982987,1.848844,0.021316,0.009481
1483,0.984128,0.983739,0.981444,0.982997,1.84882,0.021316,0.009471
1484,0.984128,0.983739,0.981444,0.983006,1.848797,0.021316,0.009461
1485,0.984128,0.983738,0.981444,0.983016,1.848774,0.021316,0.009452
1486,0.984128,0.983738,0.981444,0.983026,1.848751,0.021317,0.009442
1487,0.984128,0.983738,0.981444,0.983035,1.848728,0.021317,0.009432
1488,0.984128,0.983738,0.981444,0.983045,1.848705,0.021317,0.009423
1489,0.984128,0.983738,0.981444,0.983054,1.848681,0.021317,0.009413
1490,0.984128,0.983738,0.981444,0.983064,1.848658,0.021317,0.009403
1491,0.984128,0.983738,0.981444,0.983074,1.848635,0.021317,0.009393
1492,0.984128,0.983738,0.981444,0.983083,1.848612,0.021317,0.009384
1493,0.984128,0.983738,0.981444,0.983093,1.848589,0.021317,0.009374
1494,0.984128,0.983738,0.981444,0.983102,1.848565,0.021317,0.009364
1495,0.984128,0.983738,0.981444,0.983112,1.848542,0.021317,0.009355
1496,0.984128,0.983738,0.981444,0.983121,1.848519,0.021318,0.009345
1497,0.984128,0.983738,0.981444,0.983131,1.848496,0.021318,0.009336
1498,0.984128,0.983738,0.981444,0.98314,1.848473,0.021318,0.009326
1499,0.984127,0.983738,0.981444,0.98315,1.84845,0.021318,0.009316
1500,0.984127,0.983738,0.981444,0.983159,1.848426,0.021318,0.009307
1501,0.984127,0.983738,0.981445,0.983169,1.848403,0.021318,0.009297
1502,0.984127,0.983738,0.981445,0.983178,1.84838,0.021318,0.009288
1503,0.984127,0.983738,0.981445,0.983188,1.848357,0.021318,0.009278
1504,0.984127,0.983738,0.981445,0.983197,1.848334,0.021318,0.009269
1505,0.984127,0.983738,0.981445,0.983207,1.84831,0.021318,0.009259
1506,0.984127,0.983737,0.981445,0.983216,1.848287,0.021319,0.009249
1507,0.984127,0.983737,0.981445,0.983226,1.848264,0.021319,0.00924
1508,0.984127,0.983737,0.981445,0.983235,1.848241,0.021319,0.00923
1509,0.984127,0.983737,0.981445,0.983244,1.848218,0.021319,0.009221
1510,0.984127,0.983737,0.981445,0.983254,1.848194,0.021319,0.009211
1511,0.984127,0.983737,0.981445,0.983263,1.848171,0.021319,0.009202
1512,0.984127,0.983737,0.981445,0.983272,1.848148,0.021319,0.009192
1513,0.984127,0.983737,0.981445,0.983282,1.848125,0.021319,0.009183
1514,0.984127,0.983737,0.981445,0.983291,1.848102,0.021319,0.009174
1515,0.984127,0.983737,0.981445,0.983301,1.848079,0.02132,0.009164
1516,0.984127,0.983737,0.981445,0.98331,1.848055,0.02132,0.009155
1517,0.984127,0.983737,0.981445,0.983319,1.848032,0.02132,0.009145
1518,0.984127,0.983737,0.981445,0.983329,1.848009,0.02132,0.009136
1519,0.984126,0.983737,0.981445,0.983338,1.847986,0.02132,0.009126
1520,0.984126,0.983737,0.981445,0.983347,1.847963,0.02132,0.009117
1521,0.984126,0.983737,0.981446,0.983356,1.847939,0.02132,0.009108
1522,0.984126,0.983737,0.981446,0.983366,1.847916,0.02132,0.009098
1523,0.984126,0.983737,0.981446,0.983375,1.847893,0.02132,0.009089
1524,0.984126,0.983737,0.981446,0.983384,1.84787,0.02132,0.00908
1525,0.984126,0.983737,0.981446,0.983394,1.847847,0.021321,0.00907
1526,0.984126,0.983736,0.981446,0.983403,1.847823,0.021321,0.009061
1527,0.984126,0.983736,0.981446,0.983407,1.8478,0.021325,0.009052
1528,0.984126,0.983736,0.981446,0.983412,1.847777,0.02133,0.009042
1529,0.984126,0.983736,0.981446,0.983416,1.847754,0.021335,0.009033
1530,0.984126,0.983736,0.981446,0.983426,1.847731,0.021335,0.009024
1531,0.984126,0.983736,0.981446,0.983435,1.847708,0.021335,0.009014
1532,0.984126,0.983736,0.981446,0.983444,1.847684,0.021335,0.009005
1533,0.984126,0.983736,0.981446,0.983453,1.847661,0.021336,0.008996
1534,0.984126,0.983736,0.981446,0.983462,1.847638,0.021336,0.008986
1535,0.984126,0.983736,0.981446,0.983471,1.847615,0.021336,0.008977
1536,0.984126,0.983736,0.981446,0.983481,1.847592,0.021336,0.008968
1537,0.984126,0.983736,0.981446,0.98349,1.847568,0.021336,0.008959
1538,0.984126,0.983736,0.981446,0.983499,1.847545,0.021336,0.008949
1539,0.984125,0.983736,0.981446,0.983508,1.847522,0.021336,0.00894
1540,0.984125,0.983736,0.981446,0.983517,1.847499,0.021336,0.008931
1541,0.984125,0.983736,0.981446,0.983526,1.847476,0.021336,0.008922
1542,0.984125,0.983736,0.981447,0.983535,1.847452,0.021336,0.008913
1543,0.984125,0.983736,0.981447,0.983544,1.847429,0.021337,0.008903
1544,0.984125,0.983736,0.981447,0.983554,1.847406,0.021337,0.008894
1545,0.984125,0.983736,0.981447,0.983563,1.847383,0.021337,0.008885
1546,0.984125,0.983736,0.981447,0.983572,1.84736,0.021337,0.008876
1547,0.984125,0.983735,0.981447,0.983581,1.847337,0.021337,0.008867
1548,0.984125,0.983735,0.981447,0.98359,1.847313,0.021337,0.008858
1549,0.984125,0.983735,0.981447,0.983599,1.84729,0.021337,0.008848
1550,0.984125,0.983735,0.981447,0.983608,1.847267,0.021337,0.008839
1551,0.984125,0.983735,0.981447,0.983617,1.847244,0.021337,0.00883
1552,0.984125,0.983735,0.981447,0.983626,1.847221,0.021338,0.008821
1553,0.984125,0.983735,0.981447,0.98363,1.847197,0.021342,0.008812
1554,0.984125,0.983735,0.981447,0.983639,1.847174,0.021342,0.008803
1555,0.984125,0.983735,0.981447,0.983648,1.847151,0.021343,0.008794
1556,0.984125,0.983735,0.981447,0.983657,1.847128,0.021343,0.008785
1557,0.984125,0.983735,0.981447,0.983666,1.847105,0.021343,0.008776
1558,0.984125,0.983735,0.981447,0.983675,1.847082,0.021343,0.008767
1559,0.984125,0.983735,0.981447,0.983684,1.847058,0.021343,0.008758
1560,0.984124,0.983735,0.981447,0.983693,1.847035,0.021343,0.008749
1561,0.984124,0.983735,0.981447,0.983702,1.847012,0.021343,0.00874
1562,0.984124,0.983735,0.981448,0.983711,1.846989,0.021343,0.008731
1563,0.984124,0.983735,0.981448,0.98372,1.846966,0.021343,0.008722
1564,0.984124,0.983735,0.981448,0.983729,1.846942,0.021344,0.008713
1565,0.984124,0.983735,0.981448,0.983737,1.846919,0.021344,0.008704
1566,0.984124,0.983735,0.981448,0.983746,1.846896,0.021344,0.008695
1567,0.984124,0.983735,0.981448,0.983755,1.846873,0.021344,0.008686
1568,0.984124,0.983734,0.981448,0.983764,1.84685,0.021344,0.008677
1569,0.984124,0.983734,0.981448,0.983773,1.846826,0.021344,0.008668
1570,0.984124,0.983734,0.981448,0.983782,1.846803,0.021344,0.008659
1571,0.984124,0.983734,0.981448,0.983791,1.84678,0.021344,0.00865
1572,0.984124,0.983734,0.981448,0.983799,1.846757,0.021344,0.008641
1573,0.984124,0.983734,0.981448,0.983808,1.846734,0.021344,0.008632
1574,0.984124,0.983734,0.981448,0.983817,1.846711,0.021345,0.008623
1575,0.984124,0.983734,0.981448,0.983826,1.846687,0.021345,0.008614
1576,0.984124,0.983734,0.981448,0.983835,1.846664,0.021345,0.008605
1577,0.984124,0.983734,0.981448,0.983843,1.846641,0.021345,0.008596
1578,0.984124,0.983734,0.981448,0.983852,1.846618,0.021345,0.008588
1579,0.984124,0.983734,0.981448,0.983861,1.846595,0.021345,0.008579
1580,0.984124,0.983734,0.981448,0.98387,1.846571,0.021345,0.00857
1581,0.984123,0.983734,0.981448,0.983878,1.846548,0.021345,0.008561
1582,0.984123,0.983734,0.981448,0.983887,1.846525,0.021345,0.008552
1583,0.984123,0.983734,0.981449,0.983896,1.846502,0.021346,0.008543
1584,0.984123,0.983734,0.981449,0.983905,1.846479,0.021346,0.008535
1585,0.984123,0.983734,0.981449,0.983913,1.846455,0.021346,0.008526
1586,0.984123,0.983734,0.981449,0.983922,1.846432,0.021346,0.008517
1587,0.984123,0.983734,0.981449,0.983931,1.846409,0.021346,0.008508
1588,0.984123,0.983733,0.981449,0.983939,1.846386,0.021346,0.008499
1589,0.984123,0.983733,0.981449,0.983948,1.846363,0.021346,0.008491
1590,0.984123,0.983733,0.981449,0.983957,1.84634,0.021346,0.008482
1591,0.984123,0.983733,0.981449,0.983965,1.846316,0.021346,0.008473
1592,0.984123,0.983733,0.981449,0.983974,1.846293,0.021346,0.008464
1593,0.984123,0.983733,0.981449,0.983983,1.84627,0.021347,0.008456
1594,0.984123,0.983733,0.981449,0.983991,1.846247,0.021347,0.008447
1595,0.984123,0.983733,0.981449,0.984,1.846224,0.021347,0.008438
1596,0.984123,0.983733,0.981449,0.984009,1.8462,0.021347,0.008429
1597,0.984123,0.983733,0.981449,0.984017,1.846177,0.021347,0.008421
1598,0.984123,0.983733,0.981449,0.984026,1.846154,0.021347,0.008412
1599,0.984123,0.983733,0.981449,0.984034,1.846131,0.021347,0.008403
1600,0.984123,0.983733,0.981449,0.984043,1.846108,0.021347,0.008395
1601,0.984122,0.983733,0.981449,0.984052,1.846085,0.021347,0.008386
1602,0.984122,0.983733,0.981449,0.98406,1.846061,0.021347,0.008377
1603,0.984122,0.983733,0.98145,0.984069,1.846038,0.021348,0.008369
1604,0.984122,0.983733,0.98145,0.984077,1.846015,0.021348,0.00836
1605,0.984122,0.983733,0.98145,0.984086,1.845992,0.021348,0.008351
1606,0.984122,0.983733,0.98145,0.984094,1.845969,0.021348,0.008343
1607,0.984122,0.983733,0.98145,0.984103,1.845945,0.021348,0.008334
1608,0.984122,0.983733,0.98145,0.984111,1.845922,0.021348,0.008326
1609,0.984122,0.983732,0.98145,0.984115,1.845899,0.021348,0.008322
1610,0.984122,0.983732,0.98145,0.984123,1.845876,0.021348,0.008313
1611,0.984122,0.983732,0.98145,0.984127,1.845853,0.021348,0.00831
1612,0.984122,0.983732,0.98145,0.984136,1.845829,0.021349,0.008301
1613,0.984122,0.983732,0.98145,0.984144,1.845806,0.021349,0.008292
1614,0.984122,0.983732,0.98145,0.984148,1.845783,0.021353,0.008284
1615,0.984122,0.983732,0.98145,0.984152,1.84576,0.021358,0.008275
1616,0.984122,0.983732,0.98145,0.984155,1.845737,0.021363,0.008267
1617,0.984122,0.983732,0.98145,0.984159,1.845714,0.021368,0.008258
1618,0.984122,0.983732,0.98145,0.984163,1.84569,0.021373,0.00825
1619,0.984122,0.983732,0.98145,0.984166,1.845667,0.021373,0.008246
1620,0.984122,0.983732,0.98145,0.984175,1.845644,0.021373,0.008237
1621,0.984122,0.983732,0.98145,0.984178,1.845621,0.021378,0.008229
1622,0.984121,0.983732,0.98145,0.984187,1.845598,0.021378,0.00822
1623,0.984121,0.983732,0.98145,0.984195,1.845574,0.021378,0.008212
1624,0.984121,0.983732,0.98145,0.984199,1.845551,0.021383,0.008203
1625,0.984121,0.983732,0.981451,0.984202,1.845528,0.021383,0.0082
1626,0.984121,0.983732,0.981451,0.984211,1.845505,0.021383,0.008191
1627,0.984121,0.983732,0.981451,0.984214,1.845482,0.021383,0.008188
1628,0.984121,0.983732,0.981451,0.984223,1.845459,0.021383,0.008179
1629,0.984121,0.983732,0.981451,0.984226,1.845435,0.021383,0.008176
1630,0.984121,0.983731,0.981451,0.984234,1.845412,0.021383,0.008167
1631,0.984121,0.983731,0.981451,0.984243,1.845389,0.021383,0.008159
1632,0.984121,0.983731,0.981451,0.984251,1.845366,0.021384,0.00815
1633,0.984121,0.983731,0.981451,0.984255,1.845343,0.021384,0.008147
1634,0.984121,0.983731,0.981451,0.984263,1.845319,0.021384,0.008138
1635,0.984121,0.983731,0.981451,0.984266,1.845296,0.021384,0.008135
1636,0.984121,0.983731,0.981451,0.984275,1.845273,0.021384,0.008126
1637,0.984121,0.983731,0.981451,0.984283,1.84525,0.021384,0.008118
1638,0.984121,0.983731,0.981451,0.984291,1.845227,0.021384,0.00811
1639,0.984121,0.983731,0.981451,0.9843,1.845203,0.021384,0.008101
1640,0.984121,0.983731,0.981451,0.984308,1.84518,0.021384,0.008093
1641,0.984121,0.983731,0.981451,0.984316,1.845157,0.021385,0.008085
1642,0.984121,0.983731,0.981451,0.984324,1.845134,0.021385,0.008076
1643,0.984121,0.983731,0.981451,0.984333,1.845111,0.021385,0.008068
1644,0.984121,0.983731,0.981451,0.984341,1.845088,0.021385,0.00806
1645,0.98412,0.983731,0.981451,0.984349,1.845064,0.021385,0.008051
1646,0.98412,0.983731,0.981451,0.984357,1.845041,0.021385,0.008043
1647,0.98412,0.983731,0.981452,0.984366,1.845018,0.021385,0.008035
1648,0.98412,0.983731,0.981452,0.984374,1.844995,0.021385,0.008026
1649,0.98412,0.983731,0.981452,0.984382,1.844972,0.021385,0.008018
1650,0.98412,0.983731,0.981452,0.98439,1.844948,0.021385,0.00801
1651,0.98412,0.983731,0.981452,0.984398,1.844925,0.021386,0.008001
1652,0.98412,0.983731,0.981452,0.984402,1.844902,0.021386,0.007998
1653,0.98412,0.98373,0.981452,0.984405,1.844879,0.021386,0.007995
1654,0.98412,0.98373,0.981452,0.984408,1.844856,0.021386,0.007991
1655,0.98412,0.98373,0.981452,0.984412,1.844833,0.021386,0.007988
1656,0.98412,0.98373,0.981452,0.984415,1.844809,0.021386,0.007984
1657,0.98412,0.98373,0.981452,0.984418,1.844786,0.021386,0.007981
1658,0.98412,0.98373,0.981452,0.984426,1.844763,0.021386,0.007973
1659,0.98412,0.98373,0.981452,0.98443,1.84474,0.021386,0.007969
1660,0.98412,0.98373,0.981452,0.984438,1.844717,0.021387,0.007961
1661,0.98412,0.98373,0.981452,0.984441,1.844693,0.021387,0.007958
1662,0.98412,0.98373,0.981452,0.984449,1.84467,0.021387,0.007949
1663,0.98412,0.98373,0.981452,0.984452,1.844647,0.021387,0.007946
1664,0.98412,0.98373,0.981452,0.984461,1.844624,0.021387,0.007938
1665,0.98412,0.98373,0.981452,0.984469,1.844601,0.021387,0.00793
1666,0.98412,0.98373,0.981452,0.984472,1.844577,0.021387,0.007926
1667,0.98412,0.98373,0.981452,0.98448,1.844554,0.021387,0.007918
1668,0.984119,0.98373,0.981452,0.984479,1.844531,0.021392,0.007915
1669,0.984119,0.98373,0.981452,0.984487,1.844508,0.021392,0.007907
1670,0.984119,0.98373,0.981452,0.984495,1.844485,0.021392,0.007898
1671,0.984119,0.98373,0.981453,0.984498,1.844462,0.021397,0.00789
1672,0.984119,0.98373,0.981453,0.984506,1.844438,0.021397,0.007882
1673,0.984119,0.98373,0.981453,0.984514,1.844415,0.021397,0.007874
1674,0.984119,0.98373,0.981453,0.984522,1.844392,0.021397,0.007866
1675,0.984119,0.98373,0.981453,0.98453,1.844369,0.021398,0.007858
1676,0.984119,0.98373,0.981453,0.984538,1.844346,0.021398,0.00785
1677,0.984119,0.983729,0.981453,0.984542,1.844322,0.021402,0.007841
1678,0.984119,0.983729,0.981453,0.98455,1.844299,0.021403,0.007833
1679,0.984119,0.983729,0.981453,0.984553,1.844276,0.021407,0.007825
1680,0.984119,0.983729,0.981453,0.984556,1.844253,0.021412,0.007817
1681,0.984119,0.983729,0.981453,0.98456,1.84423,0.021417,0.007809
1682,0.984119,0.983729,0.981453,0.984563,1.844206,0.021422,0.007801
1683,0.984119,0.983729,0.981453,0.984571,1.844183,0.021422,0.007793
1684,0.984119,0.983729,0.981453,0.984574,1.84416,0.021422,0.00779
1685,0.984119,0.983729,0.981453,0.984577,1.844137,0.021422,0.007786
1686,0.984119,0.983729,0.981453,0.98458,1.844114,0.021422,0.007783
1687,0.984119,0.983729,0.981453,0.984588,1.844091,0.021422,0.007775
1688,0.984119,0.983729,0.981453,0.984591,1.844067,0.021422,0.007772
1689,0.984119,0.983729,0.981453,0.984599,1.844044,0.021423,0.007764
1690,0.984119,0.983729,0.981453,0.984607,1.844021,0.021423,0.007756
1691,0.984119,0.983729,0.981453,0.984615,1.843998,0.021423,0.007748
1692,0.984118,0.983729,0.981453,0.984623,1.843975,0.021423,0.00774
1693,0.984118,0.983729,0.981453,0.984631,1.843951,0.021423,0.007732
1694,0.984118,0.983729,0.981454,0.984639,1.843928,0.021423,0.007724
1695,0.984118,0.983729,0.981454,0.984647,1.843905,0.021423,0.007716
1696,0.984118,0.983729,0.981454,0.984654,1.843882,0.021423,0.007708
1697,0.984118,0.983729,0.981454,0.984662,1.843859,0.021423,0.0077
1698,0.984118,0.983729,0.981454,0.98467,1.843836,0.021424,0.007692
1699,0.984118,0.983729,0.981454,0.984678,1.843812,0.021424,0.007684
1700,0.984118,0.983728,0.981454,0.984686,1.843789,0.021424,0.007676
1701,0.984118,0.983728,0.981454,0.984694,1.843766,0.021424,0.007668
1702,0.984118,0.983728,0.981454,0.984702,1.843743,0.021424,0.00766
1703,0.984118,0.983728,0.981454,0.984709,1.84372,0.021424,0.007652
1704,0.984118,0.983728,0.981454,0.984717,1.843696,0.021424,0.007644
1705,0.984118,0.983728,0.981454,0.984725,1.843673,0.021424,0.007636
1706,0.984118,0.983728,0.981454,0.984733,1.84365,0.021424,0.007628
1707,0.984118,0.983728,0.981454,0.984741,1.843627,0.021424,0.00762
1708,0.984118,0.983728,0.981454,0.984749,1.843604,0.021425,0.007613
1709,0.984118,0.983728,0.981454,0.984756,1.84358,0.021425,0.007605
1710,0.984118,0.983728,0.981454,0.984759,1.843557,0.021425,0.007602
1711,0.984118,0.983728,0.981454,0.984767,1.843534,0.021425,0.007594
1712,0.984118,0.983728,0.981454,0.984775,1.843511,0.021425,0.007586
1713,0.984118,0.983728,0.981454,0.984783,1.843488,0.021425,0.007578
1714,0.984117,0.983728,0.981454,0.98479,1.843465,0.021425,0.00757
1715,0.984117,0.983728,0.981454,0.984798,1.843441,0.021425,0.007562
1716,0.984117,0.983728,0.981454,0.984806,1.843418,0.021425,0.007555
1717,0.984117,0.983728,0.981455,0.984814,1.843395,0.021426,0.007547
1718,0.984117,0.983728,0.981455,0.984821,1.843372,0.021426,0.007539
1719,0.984117,0.983728,0.981455,0.984829,1.843349,0.021426,0.007531
1720,0.984117,0.983728,0.981455,0.984837,1.843325,0.021426,0.007523
1721,0.984117,0.983728,0.981455,0.984844,1.843302,0.021426,0.007515
1722,0.984117,0.983727,0.981455,0.984852,1.843279,0.021426,0.007508
1723,0.984117,0.983727,0.981455,0.98486,1.843256,0.021426,0.0075
1724,0.984117,0.983727,0.981455,0.984867,1.843233,0.021426,0.007492
1725,0.984117,0.983727,0.981455,0.984875,1.84321,0.021426,0.007484
1726,0.984117,0.983727,0.981455,0.984883,1.843186,0.021426,0.007477
1727,0.984117,0.983727,0.981455,0.98489,1.843163,0.021427,0.007469
1728,0.984117,0.983727,0.981455,0.984898,1.84314,0.021427,0.007461
1729,0.984117,0.983727,0.981455,0.984906,1.843117,0.021427,0.007453
1730,0.984117,0.983727,0.981455,0.984913,1.843094,0.021427,0.007446
1731,0.984117,0.983727,0.981455,0.984921,1.84307,0.021427,0.007438
1732,0.984117,0.983727,0.981455,0.984929,1.843047,0.021427,0.00743
1733,0.984117,0.983727,0.981455,0.984936,1.843024,0.021427,0.007423
1734,0.984117,0.983727,0.981455,0.984939,1.843001,0.021427,0.00742
1735,0.984117,0.983727,0.981455,0.984942,1.842978,0.021427,0.007417
1736,0.984116,0.983727,0.981455,0.984944,1.842954,0.021428,0.007414
1737,0.984116,0.983727,0.981455,0.984947,1.842931,0.021428,0.007411
1738,0.984116,0.983727,0.981455,0.98495,1.842908,0.021428,0.007408
1739,0.984116,0.983727,0.981456,0.984953,1.842885,0.021428,0.007406
1740,0.984116,0.983727,0.981456,0.984955,1.842862,0.021428,0.007403
1741,0.984116,0.983727,0.981456,0.984958,1.842839,0.021428,0.0074
1742,0.984116,0.983727,0.981456,0.984961,1.842815,0.021428,0.007397
1743,0.984116,0.983727,0.981456,0.984963,1.842792,0.021428,0.007394
1744,0.984116,0.983726,0.981456,0.984971,1.842769,0.021428,0.007387
1745,0.984116,0.983726,0.981456,0.984979,1.842746,0.021428,0.007379
1746,0.984116,0.983726,0.981456,0.984986,1.842723,0.021429,0.007371
1747,0.984116,0.983726,0.981456,0.984989,1.842699,0.021429,0.007368
1748,0.984116,0.983726,0.981456,0.984992,1.842676,0.021429,0.007366
1749,0.984116,0.983726,0.981456,0.984994,1.842653,0.021429,0.007363
1750,0.984116,0.983726,0.981456,0.984997,1.84263,0.021429,0.00736
1751,0.984116,0.983726,0.981456,0.985004,1.842607,0.021429,0.007353
1752,0.984116,0.983726,0.981456,0.985012,1.842584,0.021429,0.007345
1753,0.984116,0.983726,0.981456,0.985019,1.84256,0.021429,0.007337
1754,0.984116,0.983726,0.981456,0.985027,1.842537,0.021429,0.00733
1755,0.984116,0.983726,0.981456,0.985035,1.842514,0.02143,0.007322
1756,0.984116,0.983726,0.981456,0.985042,1.842491,0.02143,0.007314
1757,0.984116,0.983726,0.981456,0.985049,1.842468,0.02143,0.007307
1758,0.984116,0.983726,0.981456,0.985052,1.842444,0.021435,0.007299
1759,0.984115,0.983726,0.981456,0.985055,1.842421,0.021439,0.007292
1760,0.984115,0.983726,0.981456,0.985058,1.842398,0.021444,0.007284
1761,0.984115,0.983726,0.981457,0.985065,1.842375,0.021444,0.007277
1762,0.984115,0.983726,0.981457,0.985073,1.842352,0.021444,0.007269
1763,0.984115,0.983726,0.981457,0.98508,1.842328,0.021444,0.007261
1764,0.984115,0.983726,0.981457,0.985088,1.842305,0.021445,0.007254
1765,0.984115,0.983726,0.981457,0.985095,1.842282,0.021445,0.007246
1766,0.984115,0.983726,0.981457,0.985102,1.842259,0.021445,0.007239
1767,0.984115,0.983725,0.981457,0.98511,1.842236,0.021445,0.007231
1768,0.984115,0.983725,0.981457,0.985117,1.842213,0.021445,0.007224
1769,0.984115,0.983725,0.981457,0.985125,1.842189,0.021445,0.007216
1770,0.984115,0.983725,0.981457,0.985132,1.842166,0.021445,0.007209
1771,0.984115,0.983725,0.981457,0.985139,1.842143,0.021445,0.007201
1772,0.984115,0.983725,0.981457,0.985147,1.84212,0.021445,0.007194
1773,0.984115,0.983725,0.981457,0.985154,1.842097,0.021446,0.007186
1774,0.984115,0.983725,0.981457,0.985162,1.842073,0.021446,0.007179
1775,0.984115,0.983725,0.981457,0.985169,1.84205,0.021446,0.007172
1776,0.984115,0.983725,0.981457,0.985176,1.842027,0.021446,0.007164
1777,0.984115,0.983725,0.981457,0.985184,1.842004,0.021446,0.007157
1778,0.984115,0.983725,0.981457,0.985191,1.841981,0.021446,0.007149
1779,0.984115,0.983725,0.981457,0.985198,1.841958,0.021446,0.007142
1780,0.984115,0.983725,0.981457,0.985206,1.841934,0.021446,0.007134
1781,0.984115,0.983725,0.981457,0.985213,1.841911,0.021446,0.007127
1782,0.984114,0.983725,0.981457,0.98522,1.841888,0.021446,0.00712
1783,0.984114,0.983724,0.981458,0.985227,1.841872,0.021447,0.007112
1784,0.984113,0.983724,0.981459,0.985235,1.841857,0.021447,0.007105
1785,0.984113,0.983723,0.981459,0.985242,1.841841,0.021447,0.007098
1786,0.984112,0.983722,0.98146,0.985249,1.841826,0.021447,0.007091
1787,0.984111,0.983722,0.981461,0.985256,1.84181,0.021447,0.007083
1788,0.984111,0.983721,0.981461,0.985264,1.841795,0.021447,0.007076
1789,0.98411,0.983721,0.981462,0.985271,1.841779,0.021447,0.007069
1790,0.98411,0.98372,0.981462,0.985278,1.841764,0.021447,0.007062
1791,0.984109,0.98372,0.981463,0.985285,1.841748,0.021447,0.007054
1792,0.984109,0.983719,0.981463,0.985293,1.841732,0.021448,0.007047
1793,0.984108,0.983719,0.981464,0.9853,1.841717,0.021448,0.00704
1794,0.984108,0.983718,0.981464,0.985307,1.841701,0.021448,0.007033
1795,0.984107,0.983718,0.981464,0.985314,1.841686,0.021448,0.007025
1796,0.984107,0.983717,0.981465,0.985321,1.84167,0.021448,0.007018
1797,0.984107,0.983717,0.981465,0.985329,1.841655,0.021448,0.007011
1798,0.984106,0.983717,0.981466,0.985336,1.841639,0.021448,0.007004
1799,0.984106,0.983716,0.981466,0.985343,1.841624,0.021448,0.006997
1800,0.984105,0.983716,0.981466,0.98535,1.841608,0.021448,0.006989
1801,0.984105,0.983715,0.981467,0.985357,1.841593,0.021448,0.006982
1802,0.984105,0.983715,0.981467,0.985364,1.841577,0.021449,0.006975
1803,0.984104,0.983715,0.981467,0.985371,1.841562,0.021449,0.006968
1804,0.984104,0.983715,0.981468,0.985378,1.841546,0.021449,0.006961
1805,0.984104,0.983714,0.981468,0.985386,1.841531,0.021449,0.006954
1806,0.984104,0.983714,0.981468,0.985393,1.841515,0.021449,0.006947
1807,0.984103,0.983714,0.981469,0.9854,1.8415,0.021449,0.006939
1808,0.984103,0.983713,0.981469,0.985407,1.841484,0.021449,0.006932
1809,0.984103,0.983713,0.981469,0.985414,1.841469,0.021449,0.006925
1810,0.984103,0.983713,0.981469,0.985421,1.841453,0.021449,0.006918
1811,0.984102,0.983713,0.981469,0.985428,1.841438,0.021449,0.006911
1812,0.984102,0.983713,0.98147,0.985435,1.841422,0.021449,0.006904
1813,0.984102,0.983712,0.98147,0.985442,1.841407,0.021449,0.006897
1814,0.984102,0.983712,0.98147,0.985449,1.841392,0.02145,0.00689
1815,0.984102,0.983712,0.98147,0.985456,1.841376,0.02145,0.006883
1816,0.984102,0.983712,0.98147,0.985463,1.841361,0.02145,0.006876
1817,0.984101,0.983712,0.981471,0.98547,1.841345,0.02145,0.006868
1818,0.984101,0.983712,0.981471,0.985477,1.84133,0.02145,0.006861
1819,0.984101,0.983711,0.981471,0.985484,1.841314,0.02145,0.006854
1820,0.984101,0.983711,0.981471,0.985491,1.841299,0.02145,0.006847
1821,0.984101,0.983711,0.981471,0.985498,1.841283,0.02145,0.00684
1822,0.984101,0.983711,0.981471,0.985505,1.841268,0.02145,0.006833
1823,0.984101,0.983711,0.981471,0.985512,1.841252,0.02145,0.006826
1824,0.984101,0.983711,0.981471,0.985519,1.841237,0.02145,0.006819
1825,0.984101,0.983711,0.981471,0.985526,1.841222,0.02145,0.006812
1826,0.9841,0.983711,0.981471,0.985533,1.841206,0.02145,0.006805
1827,0.9841,0.983711,0.981471,0.98554,1.841191,0.02145,0.006798
1828,0.9841,0.983711,0.981472,0.985547,1.841175,0.021451,0.006791
1829,0.9841,0.983711,0.981472,0.985554,1.84116,0.021451,0.006784
1830,0.9841,0.983711,0.981472,0.985561,1.841144,0.021451,0.006777
1831,0.9841,0.983711,0.981472,0.985568,1.841129,0.021451,0.00677
1832,0.9841,0.983711,0.981472,0.985575,1.841113,0.021451,0.006763
1833,0.9841,0.983711,0.981472,0.985577,1.841098,0.021451,0.006761
1834,0.9841,0.983711,0.981472,0.985584,1.841083,0.021451,0.006754
1835,0.9841,0.983711,0.981472,0.98559,1.841067,0.021451,0.006747
1836,0.9841,0.983711,0.981472,0.985597,1.841052,0.021451,0.00674
1837,0.9841,0.983711,0.981472,0.985604,1.841036,0.021451,0.006733
1838,0.9841,0.983711,0.981472,0.985611,1.841021,0.021451,0.006726
1839,0.9841,0.983711,0.981472,0.985613,1.841006,0.021451,0.006724
1840,0.9841,0.983711,0.981472,0.98562,1.84099,0.021451,0.006717
1841,0.9841,0.983711,0.981471,0.985622,1.840975,0.021451,0.006715
1842,0.9841,0.983711,0.981471,0.985629,1.840959,0.021451,0.006708
1843,0.984101,0.983711,0.981471,0.985631,1.840944,0.021452,0.006706
1844,0.984101,0.983711,0.981471,0.985638,1.840928,0.021452,0.0067
1845,0.984101,0.983711,0.981471,0.985639,1.840913,0.021452,0.006697
1846,0.984101,0.983711,0.981471,0.985646,1.840898,0.021452,0.006691
1847,0.984101,0.983711,0.981471,0.985648,1.840882,0.021452,0.006689
1848,0.984101,0.983711,0.981471,0.985655,1.840867,0.021452,0.006682
1849,0.984101,0.983711,0.981471,0.985657,1.840851,0.021452,0.00668
1850,0.984101,0.983711,0.981471,0.985664,1.840836,0.021452,0.006673
1851,0.984101,0.983712,0.981471,0.985671,1.840821,0.021452,0.006666
1852,0.984101,0.983712,0.981471,0.985677,1.840805,0.021452,0.006659
1853,0.984101,0.983712,0.981471,0.985684,1.84079,0.021452,0.006652
1854,0.984102,0.983712,0.98147,0.985691,1.840774,0.021452,0.006645
1855,0.984102,0.983712,0.98147,0.985698,1.840759,0.021452,0.006638
1856,0.984102,0.983712,0.98147,0.985704,1.840744,0.021452,0.006632
1857,0.984102,0.983712,0.98147,0.985711,1.840728,0.021452,0.006625
1858,0.984102,0.983712,0.98147,0.985718,1.840713,0.021452,0.006618
1859,0.984102,0.983713,0.98147,0.985725,1.840697,0.021452,0.006611
1860,0.984102,0.983713,0.98147,0.985731,1.840682,0.021452,0.006604
1861,0.984102,0.983713,0.981469,0.985738,1.840667,0.021453,0.006597
1862,0.984103,0.983713,0.981469,0.985745,1.840651,0.021453,0.006591
1863,0.984103,0.983713,0.981469,0.985752,1.840636,0.021453,0.006584
1864,0.984103,0.983713,0.981469,0.985758,1.84062,0.021453,0.006577
1865,0.984103,0.983713,0.981469,0.985765,1.840605,0.021453,0.00657
1866,0.984103,0.983714,0.981469,0.985772,1.84059,0.021453,0.006564
1867,0.984103,0.983714,0.981468,0.985778,1.840574,0.021453,0.006557
1868,0.984104,0.983714,0.981468,0.985785,1.840559,0.021453,0.00655
1869,0.984104,0.983714,0.981468,0.985792,1.840543,0.021453,0.006543
1870,0.984104,0.983714,0.981468,0.985798,1.840528,0.021453,0.006536
1871,0.984104,0.983714,0.981468,0.985805,1.840513,0.021453,0.00653
1872,0.984104,0.983715,0.981468,0.985812,1.840497,0.021453,0.006523
1873,0.984104,0.983715,0.981467,0.985818,1.840482,0.021453,0.006516
1874,0.984105,0.983715,0.981467,0.985825,1.840466,0.021453,0.00651
1875,0.984105,0.983715,0.981467,0.985832,1.840451,0.021453,0.006503
1876,0.984105,0.983715,0.981467,0.985838,1.840436,0.021453,0.006496
1877,0.984105,0.983716,0.981467,0.985845,1.84042,0.021453,0.006489
1878,0.984105,0.983716,0.981466,0.985852,1.840405,0.021453,0.006483
1879,0.984106,0.983716,0.981466,0.985858,1.840389,0.021453,0.006476
1880,0.984106,0.983716,0.981466,0.985865,1.840374,0.021454,0.006469
1881,0.984106,0.983716,0.981466,0.985871,1.840359,0.021454,0.006463
1882,0.984106,0.983717,0.981466,0.985878,1.840343,0.021454,0.006456
1883,0.984107,0.983717,0.981465,0.985885,1.840328,0.021454,0.006449
1884,0.984107,0.983717,0.981465,0.985891,1.840313,0.021454,0.006443
1885,0.984107,0.983717,0.981465,0.985898,1.840297,0.021454,0.006436
1886,0.984107,0.983718,0.981465,0.985904,1.840282,0.021454,0.006429
1887,0.984107,0.983718,0.981464,0.985906,1.840266,0.021454,0.006428
1888,0.984108,0.983718,0.981464,0.985913,1.840251,0.021454,0.006421
1889,0.984108,0.983718,0.981464,0.985919,1.840236,0.021454,0.006414
1890,0.984108,0.983719,0.981464,0.985926,1.84022,0.021454,0.006408
1891,0.984108,0.983719,0.981464,0.985932,1.840205,0.021454,0.006401
1892,0.984109,0.983719,0.981463,0.985939,1.84019,0.021454,0.006394
1893,0.984109,0.983719,0.981463,0.985945,1.840174,0.021454,0.006388
1894,0.984109,0.983719,0.981463,0.985952,1.840159,0.021454,0.006381
1895,0.984109,0.98372,0.981463,0.985958,1.840143,0.021454,0.006375
1896,0.98411,0.98372,0.981462,0.985965,1.840128,0.021454,0.006368
1897,0.98411,0.98372,0.981462,0.985971,1.840113,0.021454,0.006362
1898,0.98411,0.98372,0.981462,0.985973,1.840097,0.021454,0.00636
1899,0.98411,0.983721,0.981462,0.985979,1.840082,0.021454,0.006353
1900,0.984111,0.983721,0.981461,0.985986,1.840067,0.021455,0.006347
1901,0.984111,0.983721,0.981461,0.985992,1.840051,0.021455,0.00634
1902,0.984111,0.983721,0.981461,0.985999,1.840036,0.021455,0.006334
1903,0.984111,0.983722,0.981461,0.986005,1.84002,0.021455,0.006327
1904,0.984112,0.983722,0.98146,0.986012,1.840005,0.021455,0.00632
1905,0.984112,0.983722,0.98146,0.986018,1.83999,0.021455,0.006314
1906,0.984112,0.983723,0.98146,0.986024,1.839974,0.021455,0.006307
1907,0.984112,0.983723,0.981459,0.986031,1.839959,0.021455,0.006301
1908,0.984113,0.983723,0.981459,0.986037,1.839944,0.021455,0.006294
1909,0.984113,0.983723,0.981459,0.986044,1.839928,0.021455,0.006288
1910,0.984113,0.983724,0.981459,0.98605,1.839913,0.021455,0.006281
1911,0.984114,0.983724,0.981458,0.986057,1.839897,0.021455,0.006275
1912,0.984114,0.983724,0.981458,0.986063,1.839882,0.021455,0.006268
1913,0.984114,0.983724,0.981458,0.986069,1.839867,0.021455,0.006262
1914,0.984114,0.983725,0.981458,0.986076,1.839851,0.021455,0.006255
1915,0.984115,0.983725,0.981457,0.986077,1.839836,0.021455,0.006254
1916,0.984115,0.983725,0.981457,0.986079,1.839821,0.021455,0.006252
1917,0.984115,0.983726,0.981457,0.98608,1.839805,0.021455,0.006251
1918,0.984115,0.983726,0.981456,0.986082,1.83979,0.021455,0.006249
1919,0.984116,0.983726,0.981456,0.986083,1.839774,0.021455,0.006248
1920,0.984116,0.983726,0.981456,0.986085,1.839759,0.021455,0.006246
1921,0.984116,0.983727,0.981456,0.986091,1.839744,0.021455,0.006239
1922,0.984117,0.983727,0.981455,0.986097,1.839728,0.021455,0.006233
1923,0.984117,0.983727,0.981455,0.986104,1.839713,0.021456,0.006227
1924,0.984117,0.983728,0.981455,0.98611,1.839698,0.021456,0.00622
1925,0.984117,0.983728,0.981454,0.986116,1.839682,0.021456,0.006214
1926,0.984118,0.983728,0.981454,0.986123,1.839667,0.021456,0.006207
1927,0.984118,0.983728,0.981454,0.986129,1.839652,0.021456,0.006201
1928,0.984118,0.983729,0.981454,0.986135,1.839636,0.021456,0.006194
1929,0.984119,0.983729,0.981453,0.986142,1.839621,0.021456,0.006188
1930,0.984119,0.983729,0.981453,0.986148,1.839605,0.021456,0.006182
1931,0.984119,0.98373,0.981453,0.986154,1.83959,0.021456,0.006175
1932,0.984119,0.98373,0.981452,0.986161,1.839575,0.021456,0.006169
1933,0.98412,0.98373,0.981452,0.986167,1.839559,0.021456,0.006162
1934,0.98412,0.98373,0.981452,0.986169,1.839544,0.021461,0.006156
1935,0.98412,0.983731,0.981452,0.98617,1.839529,0.021465,0.00615
1936,0.984121,0.983731,0.981451,0.986172,1.839513,0.02147,0.006143
1937,0.984121,0.983731,0.981451,0.986173,1.839498,0.021475,0.006137
1938,0.984121,0.983732,0.981451,0.986175,1.839483,0.02148,0.006131
1939,0.984122,0.983732,0.98145,0.986176,1.839467,0.021485,0.006124
1940,0.984122,0.983732,0.98145,0.986182,1.839452,0.021485,0.006118
1941,0.984122,0.983733,0.98145,0.986189,1.839436,0.021485,0.006112
1942,0.984123,0.983733,0.981449,0.986195,1.839421,0.021485,0.006105
1943,0.984123,0.983733,0.981449,0.986201,1.839406,0.021485,0.006099
1944,0.984123,0.983733,0.981449,0.986207,1.83939,0.021485,0.006093
1945,0.984123,0.983734,0.981448,0.986214,1.839375,0.021485,0.006086
1946,0.984124,0.983734,0.981448,0.98622,1.83936,0.021485,0.00608
1947,0.984124,0.983734,0.981448,0.986226,1.839344,0.021485,0.006074
1948,0.984124,0.983735,0.981448,0.986232,1.839329,0.021485,0.006068
1949,0.984125,0.983735,0.981447,0.986238,1.839314,0.021485,0.006061
1950,0.984125,0.983735,0.981447,0.986245,1.839298,0.021485,0.006055
1951,0.984125,0.983736,0.981447,0.986251,1.839283,0.021485,0.006049
1952,0.984126,0.983736,0.981446,0.986257,1.839267,0.021485,0.006042
1953,0.984126,0.983736,0.981446,0.986263,1.839252,0.021485,0.006036
1954,0.984126,0.983737,0.981446,0.986269,1.839237,0.021485,0.00603
1955,0.984127,0.983737,0.981445,0.986275,1.839221,0.021485,0.006024
1956,0.984127,0.983737,0.981445,0.986282,1.839206,0.021485,0.006017
1957,0.984127,0.983738,0.981445,0.986288,1.839191,0.021485,0.006011
1958,0.984127,0.983738,0.981444,0.986289,1.839175,0.02149,0.006005
1959,0.984128,0.983738,0.981444,0.986295,1.83916,0.02149,0.005999
1960,0.984128,0.983738,0.981444,0.986301,1.839145,0.02149,0.005993
1961,0.984128,0.983739,0.981443,0.986307,1.839129,0.02149,0.005986
1962,0.984129,0.983739,0.981443,0.986314,1.839114,0.02149,0.00598
1963,0.984129,0.983739,0.981443,0.98632,1.839098,0.02149,0.005974
1964,0.984129,0.98374,0.981443,0.986326,1.839083,0.02149,0.005968
1965,0.98413,0.98374,0.981442,0.986332,1.839068,0.02149,0.005962
1966,0.98413,0.98374,0.981442,0.986338,1.839052,0.02149,0.005955
1967,0.98413,0.983741,0.981442,0.986344,1.839037,0.02149,0.005949
1968,0.984131,0.983741,0.981441,0.98635,1.839022,0.02149,0.005943
1969,0.984131,0.983741,0.981441,0.986356,1.839006,0.021491,0.005937
1970,0.984131,0.983742,0.981441,0.986362,1.838991,0.021491,0.005931
1971,0.984132,0.983742,0.98144,0.986368,1.838976,0.021491,0.005925
1972,0.984132,0.983742,0.98144,0.986374,1.83896,0.021491,0.005918
1973,0.984132,0.983743,0.98144,0.98638,1.838945,0.021491,0.005912
1974,0.984133,0.983743,0.981439,0.986386,1.838929,0.021491,0.005906
1975,0.984133,0.983743,0.981439,0.986392,1.838914,0.021491,0.0059
1976,0.984133,0.983744,0.981439,0.986398,1.838899,0.021491,0.005894
1977,0.984134,0.983744,0.981438,0.986404,1.838883,0.021491,0.005888
1978,0.984134,0.983744,0.981438,0.98641,1.838868,0.021491,0.005882
1979,0.984134,0.983745,0.981438,0.986416,1.838853,0.021491,0.005876
1980,0.984134,0.983745,0.981437,0.986422,1.838837,0.021491,0.00587
1981,0.984135,0.983745,0.981437,0.986428,1.838822,0.021491,0.005863
1982,0.984135,0.983746,0.981437,0.986434,1.838807,0.021491,0.005857
1983,0.984135,0.983746,0.981436,0.98644,1.838791,0.021491,0.005851
1984,0.984136,0.983746,0.981436,0.986446,1.838776,0.021491,0.005845
1985,0.984136,0.983746,0.981436,0.986452,1.838761,0.021491,0.005839
1986,0.984136,0.983747,0.981435,0.986458,1.838745,0.021491,0.005833
1987,0.984137,0.983747,0.981435,0.986464,1.83873,0.021491,0.005827
1988,0.984137,0.983747,0.981435,0.98647,1.838714,0.021491,0.005821
1989,0.984137,0.983748,0.981434,0.986476,1.838699,0.021491,0.005815
1990,0.984138,0.983748,0.981434,0.986482,1.838684,0.021491,0.005809
1991,0.984138,0.983748,0.981434,0.986488,1.838668,0.021491,0.005803
1992,0.984138,0.983749,0.981434,0.986494,1.838653,0.021491,0.005797
1993,0.984139,0.983749,0.981433,0.9865,1.838638,0.021492,0.005791
1994,0.984139,0.983749,0.981433,0.986506,1.838622,0.021492,0.005785
1995,0.984139,0.98375,0.981433,0.986512,1.838607,0.021492,0.005779
1996,0.98414,0.98375,0.981432,0.986517,1.838592,0.021492,0.005773
1997,0.98414,0.98375,0.981432,0.986523,1.838576,0.021492,0.005767
1998,0.98414,0.983751,0.981432,0.986529,1.838561,0.021492,0.005761
1999,0.984141,0.983751,0.981431,0.986535,1.838545,0.021492,0.005755
2000,0.984141,0.983751,0.981431,0.986541,1.83853,0.021492,0.005749
2001,0.984141,0.983752,0.981431,0.986547,1.838515,0.021492,0.005743
2002,0.984142,0.983752,0.98143,0.986553,1.838499,0.021492,0.005737
2003,0.984142,0.983752,0.98143,0.986559,1.838484,0.021492,0.005731
2004,0.984142,0.983753,0.98143,0.986564,1.838469,0.021492,0.005725
2005,0.984143,0.983753,0.981429,0.986565,1.838453,0.021492,0.005724
2006,0.984143,0.983753,0.981429,0.986571,1.838438,0.021492,0.005718
2007,0.984143,0.983754,0.981429,0.986577,1.838423,0.021492,0.005712
2008,0.984144,0.983754,0.981428,0.986583,1.838407,0.021492,0.005706
2009,0.984144,0.983754,0.981428,0.986589,1.838392,0.021492,0.0057
2010,0.984144,0.983755,0.981428,0.986595,1.838377,0.021492,0.005695
2011,0.984145,0.983755,0.981427,0.9866,1.838361,0.021492,0.005689
2012,0.984145,0.983755,0.981427,0.986606,1.838346,0.021492,0.005683
2013,0.984145,0.983756,0.981427,0.986612,1.83833,0.021492,0.005677
2014,0.984146,0.983756,0.981426,0.986618,1.838315,0.021492,0.005671
2015,0.984146,0.983756,0.981426,0.986624,1.8383,0.021492,0.005665
2016,0.984146,0.983757,0.981426,0.986629,1.838284,0.021492,0.005659
2017,0.984147,0.983757,0.981425,0.98663,1.838269,0.021497,0.005653
2018,0.984147,0.983757,0.981425,0.986636,1.838254,0.021497,0.005647
2019,0.984147,0.983758,0.981425,0.986642,1.838238,0.021497,0.005642
2020,0.984148,0.983758,0.981424,0.986648,1.838223,0.021497,0.005636
2021,0.984148,0.983758,0.981424,0.986653,1.838208,0.021497,0.00563
2022,0.984148,0.983759,0.981424,0.986659,1.838192,0.021497,0.005624
2023,0.984149,0.983759,0.981423,0.986665,1.838177,0.021497,0.005618
2024,0.984149,0.983759,0.981423,0.986671,1.838162,0.021498,0.005612
2025,0.984149,0.98376,0.981423,0.986676,1.838146,0.021498,0.005607
2026,0.98415,0.98376,0.981422,0.986682,1.838131,0.021498,0.005601
2027,0.98415,0.98376,0.981422,0.986688,1.838115,0.021498,0.005595
2028,0.98415,0.983761,0.981422,0.986694,1.8381,0.021498,0.005589
2029,0.984151,0.983761,0.981421,0.986699,1.838085,0.021498,0.005583
2030,0.984151,0.983761,0.981421,0.986705,1.838069,0.021498,0.005577
2031,0.984151,0.983762,0.981421,0.986711,1.838054,0.021498,0.005572
2032,0.984152,0.983762,0.98142,0.986716,1.838039,0.021498,0.005566
2033,0.984152,0.983762,0.98142,0.986722,1.838023,0.021498,0.00556
2034,0.984152,0.983763,0.98142,0.986728,1.838008,0.021498,0.005554
2035,0.984153,0.983763,0.981419,0.986733,1.837993,0.021498,0.005549
2036,0.984153,0.983763,0.981419,0.986739,1.837977,0.021498,0.005543
2037,0.984153,0.983764,0.981419,0.986745,1.837962,0.021498,0.005537
2038,0.984154,0.983764,0.981418,0.98675,1.837946,0.021498,0.005531
2039,0.984154,0.983764,0.981418,0.986756,1.837931,0.021498,0.005526
2040,0.984154,0.983765,0.981418,0.986762,1.837916,0.021498,0.00552
2041,0.984155,0.983765,0.981417,0.986767,1.8379,0.021498,0.005514
2042,0.984155,0.983765,0.981417,0.986773,1.837885,0.021498,0.005508
2043,0.984155,0.983766,0.981417,0.986779,1.83787,0.021498,0.005503
2044,0.984156,0.983766,0.981416,0.986784,1.837854,0.021498,0.005497
2045,0.984156,0.983766,0.981416,0.98679,1.837839,0.021498,0.005491
2046,0.984156,0.983767,0.981416,0.986795,1.837824,0.021498,0.005485
2047,0.984157,0.983767,0.981415,0.986801,1.837808,0.021498,0.00548
2048,0.984157,0.983767,0.981415,0.986807,1.837793,0.021499,0.005474
2049,0.984157,0.983768,0.981415,0.986812,1.837778,0.021499,0.005468
2050,0.984158,0.983768,0.981414,0.986818,1.837762,0.021499,0.005463
2051,0.984158,0.983768,0.981414,0.986823,1.837747,0.021499,0.005457
2052,0.984158,0.983769,0.981414,0.986829,1.837731,0.021499,0.005451
2053,0.984159,0.983769,0.981413,0.986834,1.837716,0.021499,0.005446
2054,0.984159,0.983769,0.981413,0.98684,1.837701,0.021499,0.00544
2055,0.984159,0.98377,0.981413,0.986846,1.837685,0.021499,0.005434
2056,0.98416,0.98377,0.981412,0.986851,1.83767,0.021499,0.005429
2057,0.98416,0.98377,0.981412,0.986857,1.837655,0.021499,0.005423
2058,0.98416,0.983771,0.981412,0.986862,1.837639,0.021499,0.005417
2059,0.984161,0.983771,0.981411,0.986868,1.837624,0.021499,0.005412
2060,0.984161,0.983771,0.981411,0.986873,1.837609,0.021499,0.005406
2061,0.984161,0.983772,0.981411,0.986879,1.837593,0.021499,0.005401
2062,0.984162,0.983772,0.98141,0.986884,1.837578,0.021499,0.005395
2063,0.984162,0.983772,0.98141,0.98689,1.837563,0.021499,0.005389
2064,0.984162,0.983773,0.98141,0.986895,1.837547,0.021499,0.005384
2065,0.984163,0.983773,0.981409,0.986901,1.837532,0.021499,0.005378
2066,0.984163,0.983773,0.981409,0.986901,1.837516,0.021499,0.005377
2067,0.984163,0.983774,0.981409,0.986907,1.837501,0.021499,0.005372
2068,0.984164,0.983774,0.981408,0.986912,1.837486,0.021499,0.005366
2069,0.984164,0.983774,0.981408,0.986918,1.83747,0.021499,0.005361
2070,0.984164,0.983775,0.981407,0.986923,1.837455,0.021499,0.005355
2071,0.984165,0.983775,0.981407,0.986929,1.83744,0.021499,0.00535
2072,0.984165,0.983775,0.981407,0.986934,1.837424,0.0215,0.005344
2073,0.984165,0.983776,0.981406,0.98694,1.837409,0.0215,0.005338
2074,0.984166,0.983776,0.981406,0.986945,1.837394,0.0215,0.005333
2075,0.984166,0.983776,0.981406,0.986951,1.837378,0.0215,0.005327
2076,0.984166,0.983777,0.981405,0.986956,1.837363,0.0215,0.005322
2077,0.984167,0.983777,0.981405,0.986962,1.837348,0.0215,0.005316
2078,0.984167,0.983777,0.981405,0.986967,1.837332,0.0215,0.005311
2079,0.984167,0.983778,0.981404,0.986972,1.837317,0.0215,0.005305
2080,0.984168,0.983778,0.981404,0.986978,1.837301,0.0215,0.0053
2081,0.984168,0.983778,0.981404,0.986983,1.837286,0.0215,0.005294
2082,0.984168,0.983779,0.981403,0.986989,1.837271,0.0215,0.005289
2083,0.984169,0.983779,0.981403,0.986994,1.837255,0.0215,0.005283
2084,0.984169,0.983779,0.981403,0.987,1.83724,0.0215,0.005278
2085,0.984169,0.98378,0.981402,0.987005,1.837225,0.0215,0.005272
2086,0.98417,0.98378,0.981402,0.98701,1.837209,0.0215,0.005267
2087,0.98417,0.98378,0.981402,0.987016,1.837194,0.0215,0.005261
2088,0.98417,0.983781,0.981401,0.987021,1.837179,0.0215,0.005256
2089,0.984171,0.983781,0.981401,0.987022,1.837163,0.0215,0.005255
2090,0.984171,0.983781,0.981401,0.987027,1.837148,0.0215,0.00525
2091,0.984171,0.983782,0.9814,0.987027,1.837133,0.0215,0.005249
2092,0.984172,0.983782,0.9814,0.987033,1.837117,0.0215,0.005244
2093,0.984172,0.983782,0.9814,0.987033,1.837102,0.0215,0.005243
2094,0.984172,0.983783,0.981399,0.987039,1.837086,0.0215,0.005237
2095,0.984173,0.983783,0.981399,0.987039,1.837071,0.0215,0.005237
2096,0.984173,0.983783,0.981399,0.987045,1.837056,0.021501,0.005231
2097,0.984173,0.983784,0.981398,0.987045,1.83704,0.021501,0.005231
2098,0.984174,0.983784,0.981398,0.98705,1.837025,0.021501,0.005225
2099,0.984174,0.983784,0.981398,0.987051,1.83701,0.021501,0.005225
2100,0.984174,0.983785,0.981397,0.987052,1.836994,0.021505,0.005219
2101,0.984175,0.983785,0.981397,0.987057,1.836979,0.021505,0.005214
2102,0.984175,0.983786,0.981397,0.987062,1.836964,0.021505,0.005209
2103,0.984175,0.983786,0.981396,0.987068,1.836948,0.021506,0.005203
2104,0.984176,0.983786,0.981396,0.987073,1.836933,0.021506,0.005198
2105,0.984176,0.983787,0.981396,0.987078,1.836918,0.021506,0.005192
2106,0.984176,0.983787,0.981395,0.987083,1.836902,0.021506,0.005187
2107,0.984177,0.983787,0.981395,0.987089,1.836887,0.021506,0.005181
2108,0.984177,0.983788,0.981395,0.987094,1.836871,0.021506,0.005176
2109,0.984177,0.983788,0.981394,0.987094,1.836856,0.021506,0.005176
2110,0.984178,0.983788,0.981394,0.9871,1.836841,0.021506,0.00517
2111,0.984178,0.983789,0.981394,0.9871,1.836825,0.021511,0.005165
2112,0.984179,0.983789,0.981393,0.987101,1.83681,0.021511,0.005164
2113,0.984179,0.983789,0.981393,0.987106,1.836795,0.021511,0.005159
2114,0.984179,0.98379,0.981393,0.987106,1.836779,0.021511,0.005158
2115,0.98418,0.98379,0.981392,0.987112,1.836764,0.021511,0.005153
2116,0.98418,0.98379,0.981392,0.987117,1.836749,0.021511,0.005148
2117,0.98418,0.983791,0.981392,0.987122,1.836733,0.021511,0.005142
2118,0.984181,0.983791,0.981391,0.987128,1.836718,0.021511,0.005137
2119,0.984181,0.983791,0.981391,0.987133,1.836703,0.021511,0.005132
2120,0.984181,0.983792,0.981391,0.987138,1.836687,0.021511,0.005126
2121,0.984182,0.983792,0.98139,0.987139,1.836672,0.021516,0.005121
2122,0.984182,0.983792,0.98139,0.987144,1.836656,0.021516,0.005116
2123,0.984182,0.983793,0.98139,0.987149,1.836641,0.021516,0.00511
2124,0.984183,0.983793,0.981389,0.987154,1.836626,0.021516,0.005105
2125,0.984183,0.983793,0.981389,0.987159,1.83661,0.021516,0.0051
2126,0.984183,0.983794,0.981389,0.98716,1.836595,0.021516,0.005099
2127,0.984184,0.983794,0.981388,0.98716,1.83658,0.021516,0.005099
2128,0.984184,0.983794,0.981388,0.987161,1.836564,0.021516,0.005098
2129,0.984184,0.983795,0.981388,0.987166,1.836549,0.021516,0.005093
2130,0.984185,0.983795,0.981387,0.987166,1.836534,0.021516,0.005092
2131,0.984185,0.983795,0.981387,0.987171,1.836518,0.021516,0.005087
2132,0.984185,0.983796,0.981387,0.987172,1.836503,0.021516,0.005087
2133,0.984186,0.983796,0.981386,0.987177,1.836488,0.021516,0.005081
2134,0.984186,0.983796,0.981386,0.987182,1.836472,0.021516,0.005076
2135,0.984186,0.983797,0.981386,0.987187,1.836457,0.021516,0.005071
2136,0.984187,0.983797,0.981385,0.987187,1.836441,0.021516,0.00507
2137,0.984187,0.983797,0.981385,0.987188,1.836426,0.021516,0.00507
2138,0.984187,0.983798,0.981385,0.987183,1.836411,0.021521,0.00507
2139,0.984188,0.983798,0.981384,0.987179,1.836395,0.021521,0.005074
2140,0.984188,0.983798,0.981384,0.987174,1.83638,0.021521,0.005079
2141,0.984188,0.983799,0.981384,0.98717,1.836365,0.021521,0.005083
2142,0.984189,0.983799,0.981383,0.98717,1.836349,0.021521,0.005083
2143,0.984189,0.983799,0.981383,0.98717,1.836334,0.021521,0.005082
2144,0.984189,0.9838,0.981383,0.987171,1.836319,0.021521,0.005082
2145,0.98419,0.9838,0.981382,0.987176,1.836303,0.021521,0.005076
2146,0.98419,0.9838,0.981382,0.987176,1.836288,0.021521,0.005076
2147,0.98419,0.983801,0.981382,0.987181,1.836272,0.021521,0.005071
2148,0.984191,0.983801,0.981381,0.987187,1.836257,0.021521,0.005065
2149,0.984191,0.983801,0.981381,0.987192,1.836242,0.021522,0.00506
2150,0.984191,0.983802,0.981381,0.987192,1.836226,0.021522,0.00506
2151,0.984192,0.983802,0.98138,0.987197,1.836211,0.021522,0.005054
2152,0.984192,0.983802,0.98138,0.987198,1.836196,0.021522,0.005054
2153,0.984192,0.983803,0.981379,0.987203,1.83618,0.021522,0.005049
2154,0.984193,0.983803,0.981379,0.987203,1.836165,0.021522,0.005048
2155,0.984193,0.983803,0.981379,0.987208,1.83615,0.021522,0.005043
2156,0.984193,0.983804,0.981378,0.987209,1.836134,0.021522,0.005043
2157,0.984194,0.983804,0.981378,0.987214,1.836119,0.021522,0.005038
2158,0.984194,0.983804,0.981378,0.987214,1.836104,0.021522,0.005037
2159,0.984194,0.983805,0.981377,0.987219,1.836088,0.021522,0.005032
2160,0.984195,0.983805,0.981377,0.987219,1.836073,0.021522,0.005032
2161,0.984195,0.983805,0.981377,0.987225,1.836057,0.021522,0.005026
2162,0.984195,0.983806,0.981376,0.987225,1.836042,0.021522,0.005026
2163,0.984196,0.983806,0.981376,0.98723,1.836027,0.021522,0.005021
2164,0.984196,0.983806,0.981376,0.98723,1.836011,0.021522,0.00502
2165,0.984196,0.983807,0.981375,0.987235,1.835996,0.021522,0.005015
2166,0.984197,0.983807,0.981375,0.98724,1.835981,0.021522,0.00501
2167,0.984197,0.983807,0.981375,0.987246,1.835965,0.021522,0.005005
2168,0.984197,0.983808,0.981374,0.987251,1.83595,0.021522,0.004999
2169,0.984198,0.983808,0.981374,0.987256,1.835935,0.021522,0.004994
2170,0.984198,0.983809,0.981374,0.987261,1.835919,0.021522,0.004989
2171,0.984198,0.983809,0.981373,0.987266,1.835904,0.021522,0.004984
2172,0.984199,0.983809,0.981373,0.987271,1.835889,0.021522,0.004979
2173,0.984199,0.98381,0.981373,0.987276,1.835873,0.021522,0.004973
2174,0.984199,0.98381,0.981372,0.987281,1.835858,0.021523,0.004968
2175,0.9842,0.98381,0.981372,0.987286,1.835842,0.021523,0.004963
2176,0.9842,0.983811,0.981372,0.987292,1.835827,0.021523,0.004958
2177,0.9842,0.983811,0.981371,0.987297,1.835812,0.021523,0.004953
2178,0.984201,0.983811,0.981371,0.987302,1.835796,0.021523,0.004948
2179,0.984201,0.983812,0.981371,0.987307,1.835781,0.021523,0.004942
2180,0.984202,0.983812,0.98137,0.987312,1.835766,0.021523,0.004937
2181,0.984202,0.983812,0.98137,0.987317,1.83575,0.021523,0.004932
2182,0.984202,0.983813,0.98137,0.987322,1.835735,0.021523,0.004927
2183,0.984203,0.983813,0.981369,0.987327,1.83572,0.021523,0.004922
2184,0.984203,0.983813,0.981369,0.987332,1.835704,0.021523,0.004917
2185,0.984203,0.983814,0.981369,0.987337,1.835689,0.021523,0.004911
2186,0.984204,0.983814,0.981368,0.987342,1.835674,0.021523,0.004906
2187,0.984204,0.983814,0.981368,0.987347,1.835658,0.021523,0.004901
2188,0.984204,0.983815,0.981368,0.987347,1.835643,0.021523,0.004901
2189,0.984205,0.983815,0.981367,0.987352,1.835627,0.021523,0.004896
2190,0.984205,0.983815,0.981367,0.987352,1.835612,0.021523,0.004896
2191,0.984205,0.983816,0.981367,0.987357,1.835597,0.021523,0.004891
2192,0.984206,0.983816,0.981366,0.987358,1.835581,0.021523,0.00489
2193,0.984206,0.983816,0.981366,0.987363,1.835566,0.021523,0.004885
2194,0.984206,0.983817,0.981366,0.987363,1.835551,0.021523,0.004885
2195,0.984207,0.983817,0.981365,0.987368,1.835535,0.021523,0.00488
2196,0.984207,0.983817,0.981365,0.987368,1.83552,0.021523,0.00488
2197,0.984207,0.983818,0.981365,0.987373,1.835505,0.021523,0.004874
2198,0.984208,0.983818,0.981364,0.987378,1.835489,0.021523,0.004869
2199,0.984208,0.983818,0.981364,0.987383,1.835474,0.021524,0.004864
2200,0.984208,0.983819,0.981364,0.987388,1.835459,0.021524,0.004859
2201,0.984209,0.983819,0.981363,0.987393,1.835443,0.021524,0.004854
2202,0.984209,0.983819,0.981363,0.987393,1.835428,0.021528,0.004849
2203,0.984209,0.98382,0.981363,0.987393,1.835412,0.021528,0.004849
2204,0.98421,0.98382,0.981362,0.987398,1.835397,0.021528,0.004844
2205,0.98421,0.98382,0.981362,0.987403,1.835382,0.021528,0.004839
2206,0.98421,0.983821,0.981362,0.987408,1.835366,0.021528,0.004834
2207,0.984211,0.983821,0.981361,0.987413,1.835351,0.021529,0.004829
2208,0.984211,0.983821,0.981361,0.987413,1.835336,0.021529,0.004829
2209,0.984211,0.983822,0.981361,0.987418,1.83532,0.021529,0.004823
2210,0.984212,0.983822,0.98136,0.987418,1.835305,0.021529,0.004823
2211,0.984212,0.983822,0.98136,0.987418,1.83529,0.021529,0.004823
2212,0.984212,0.983823,0.98136,0.987418,1.835274,0.021529,0.004823
2213,0.984213,0.983823,0.981359,0.987418,1.835259,0.021529,0.004823
2214,0.984213,0.983823,0.981359,0.987418,1.835244,0.021529,0.004823
2215,0.984213,0.983824,0.981359,0.987423,1.835228,0.021529,0.004818
2216,0.984214,0.983824,0.981358,0.987428,1.835213,0.021529,0.004813
2217,0.984214,0.983824,0.981358,0.987433,1.835197,0.021529,0.004808
2218,0.984214,0.983825,0.981358,0.987433,1.835182,0.021534,0.004803
2219,0.984215,0.983825,0.981357,0.987438,1.835167,0.021534,0.004798
2220,0.984215,0.983825,0.981357,0.987443,1.835151,0.021534,0.004792
2221,0.984215,0.983826,0.981357,0.987448,1.835136,0.021534,0.004787
2222,0.984216,0.983826,0.981356,0.987448,1.835121,0.021534,0.004787
2223,0.984216,0.983826,0.981356,0.987453,1.835105,0.021534,0.004782
2224,0.984216,0.983827,0.981355,0.987453,1.83509,0.021534,0.004782
2225,0.984217,0.983827,0.981355,0.987458,1.835075,0.021534,0.004777
2226,0.984217,0.983827,0.981355,0.987453,1.835059,0.021539,0.004777
2227,0.984217,0.983828,0.981354,0.987458,1.835044,0.021539,0.004772
2228,0.984218,0.983828,0.981354,0.987458,1.835029,0.021539,0.004772
2229,0.984218,0.983828,0.981354,0.987463,1.835013,0.021539,0.004767
2230,0.984218,0.983829,0.981353,0.987458,1.834998,0.021539,0.004772
2231,0.984219,0.983829,0.981353,0.987458,1.834982,0.021544,0.004767
2232,0.984219,0.98383,0.981353,0.987454,1.834967,0.021544,0.004772
2233,0.984219,0.98383,0.981352,0.987458,1.834952,0.021544,0.004767
2234,0.98422,0.98383,0.981352,0.987458,1.834936,0.021544,0.004766
2235,0.98422,0.983831,0.981352,0.987463,1.834921,0.021544,0.004762
2236,0.984221,0.983831,0.981351,0.987463,1.834906,0.021544,0.004761
2237,0.984221,0.983831,0.981351,0.987468,1.83489,0.021544,0.004756
2238,0.984221,0.983832,0.981351,0.987473,1.834875,0.021544,0.004751
2239,0.984222,0.983832,0.98135,0.987478,1.83486,0.021544,0.004747
2240,0.984222,0.983832,0.98135,0.987483,1.834844,0.021544,0.004742
2241,0.984222,0.983833,0.98135,0.987483,1.834829,0.021549,0.004737
2242,0.984223,0.983833,0.981349,0.987488,1.834814,0.021549,0.004732
2243,0.984223,0.983833,0.981349,0.987493,1.834798,0.021549,0.004727
2244,0.984223,0.983834,0.981349,0.987498,1.834783,0.021549,0.004722
2245,0.984224,0.983834,0.981348,0.987502,1.834767,0.021549,0.004717
2246,0.984224,0.983834,0.981348,0.987507,1.834752,0.021549,0.004712
2247,0.984224,0.983835,0.981348,0.987512,1.834737,0.021549,0.004707
2248,0.984225,0.983835,0.981347,0.987517,1.834721,0.021549,0.004702
2249,0.984225,0.983835,0.981347,0.987522,1.834706,0.021549,0.004697
2250,0.984225,0.983836,0.981347,0.987526,1.834691,0.021549,0.004692
2251,0.984226,0.983836,0.981346,0.987526,1.834675,0.021549,0.004692
2252,0.984226,0.983836,0.981346,0.987526,1.83466,0.021549,0.004692
2253,0.984226,0.983837,0.981346,0.987531,1.834645,0.021549,0.004687
2254,0.984227,0.983837,0.981345,0.987536,1.834629,0.021549,0.004682
2255,0.984227,0.983837,0.981345,0.987541,1.834614,0.021549,0.004677
2256,0.984227,0.983838,0.981345,0.987541,1.834599,0.021549,0.004677
2257,0.984228,0.983838,0.981344,0.987545,1.834583,0.021549,0.004673
2258,0.984228,0.983838,0.981344,0.987545,1.834568,0.021549,0.004673
2259,0.984228,0.983839,0.981344,0.987541,1.834552,0.021554,0.004673
2260,0.984229,0.983839,0.981343,0.98754,1.834537,0.021554,0.004673
2261,0.984229,0.983839,0.981343,0.987545,1.834522,0.021554,0.004668
2262,0.984229,0.98384,0.981343,0.98755,1.834506,0.021554,0.004663
2263,0.98423,0.98384,0.981342,0.987555,1.834491,0.021554,0.004658
2264,0.98423,0.98384,0.981342,0.98756,1.834476,0.021554,0.004653
2265,0.98423,0.983841,0.981341,0.98756,1.83446,0.021554,0.004653
2266,0.984231,0.983841,0.981341,0.987564,1.834445,0.021554,0.004648
2267,0.984231,0.983841,0.981341,0.987564,1.83443,0.021554,0.004648
2268,0.984231,0.983842,0.98134,0.987569,1.834414,0.021555,0.004643
2269,0.984232,0.983842,0.98134,0.987569,1.834399,0.021555,0.004643
2270,0.984232,0.983842,0.98134,0.987574,1.834384,0.021555,0.004638
2271,0.984232,0.983843,0.981339,0.987574,1.834368,0.021555,0.004638
2272,0.984233,0.983843,0.981339,0.987573,1.834353,0.021555,0.004638
2273,0.984233,0.983844,0.981339,0.987573,1.834337,0.021555,0.004638
2274,0.984233,0.983844,0.981338,0.987568,1.834322,0.021559,0.004638
2275,0.984234,0.983844,0.981338,0.987568,1.834307,0.02156,0.004638
2276,0.984234,0.983845,0.981338,0.987568,1.834291,0.02156,0.004639
2277,0.984234,0.983845,0.981337,0.987568,1.834276,0.02156,0.004639
2278,0.984235,0.983845,0.981337,0.987568,1.834261,0.021564,0.004634
2279,0.984235,0.983846,0.981337,0.987568,1.834245,0.021564,0.004634
2280,0.984236,0.983846,0.981336,0.987563,1.83423,0.021564,0.004639
2281,0.984236,0.983846,0.981336,0.987568,1.834215,0.021564,0.004634
2282,0.984236,0.983847,0.981336,0.987563,1.834199,0.021565,0.004639
2283,0.984237,0.983847,0.981335,0.987568,1.834184,0.021565,0.004634
2284,0.984237,0.983847,0.981335,0.987568,1.834169,0.021565,0.004634
2285,0.984237,0.983848,0.981335,0.987572,1.834153,0.021565,0.004629
2286,0.984238,0.983848,0.981334,0.987572,1.834138,0.021565,0.004629
2287,0.984238,0.983848,0.981334,0.987577,1.834122,0.021565,0.004624
2288,0.984238,0.983849,0.981334,0.987572,1.834107,0.021565,0.004629
2289,0.984239,0.983849,0.981333,0.987577,1.834092,0.021565,0.004624
2290,0.984239,0.983849,0.981333,0.987581,1.834076,0.021565,0.004619
2291,0.984239,0.98385,0.981333,0.987586,1.834061,0.021565,0.004614
2292,0.98424,0.98385,0.981332,0.987586,1.834046,0.021565,0.004615
2293,0.98424,0.98385,0.981332,0.987591,1.83403,0.021565,0.00461
2294,0.98424,0.983851,0.981332,0.987595,1.834015,0.021565,0.004605
2295,0.984241,0.983851,0.981331,0.9876,1.834,0.021565,0.0046
2296,0.984241,0.983851,0.981331,0.987605,1.833984,0.021565,0.004595
2297,0.984241,0.983852,0.981331,0.98761,1.833969,0.021565,0.00459
2298,0.984242,0.983852,0.98133,0.987614,1.833954,0.021565,0.004586
2299,0.984242,0.983852,0.98133,0.987619,1.833938,0.021565,0.004581
2300,0.984242,0.983853,0.98133,0.987619,1.833923,0.021565,0.004581
2301,0.984243,0.983853,0.981329,0.987624,1.833907,0.021565,0.004576
2302,0.984243,0.983853,0.981329,0.987623,1.833892,0.021565,0.004576
2303,0.984243,0.983854,0.981329,0.987628,1.833877,0.021565,0.004571
2304,0.984244,0.983854,0.981328,0.987628,1.833861,0.021565,0.004571
2305,0.984244,0.983854,0.981328,0.987633,1.833846,0.021565,0.004567
2306,0.984244,0.983855,0.981328,0.987632,1.833831,0.021565,0.004567
2307,0.984245,0.983855,0.981327,0.987637,1.833815,0.021566,0.004562
2308,0.984245,0.983855,0.981327,0.987632,1.8338,0.021566,0.004567
2309,0.984245,0.983856,0.981327,0.987632,1.833785,0.021566,0.004567
2310,0.984246,0.983856,0.981326,0.987627,1.833769,0.021566,0.004572
2311,0.984246,0.983856,0.981326,0.987627,1.833754,0.021566,0.004572
2312,0.984246,0.983857,0.981326,0.987622,1.833739,0.021566,0.004577
2313,0.984247,0.983857,0.981325,0.987621,1.833723,0.021566,0.004577
2314,0.984247,0.983857,0.981325,0.987616,1.833708,0.021566,0.004582
2315,0.984247,0.983858,0.981325,0.987616,1.833692,0.021566,0.004582
2316,0.984248,0.983858,0.981324,0.987611,1.833677,0.021566,0.004587
2317,0.984248,0.983858,0.981324,0.987611,1.833662,0.021566,0.004587
2318,0.984248,0.983859,0.981323,0.987606,1.833646,0.021566,0.004592
2319,0.984249,0.983859,0.981323,0.987611,1.833631,0.021566,0.004587
2320,0.984249,0.983859,0.981323,0.987615,1.833616,0.021566,0.004582
2321,0.984249,0.98386,0.981322,0.98762,1.8336,0.021566,0.004578
2322,0.98425,0.98386,0.981322,0.987625,1.833585,0.021566,0.004573
2323,0.98425,0.98386,0.981322,0.987625,1.83357,0.021566,0.004573
2324,0.98425,0.983861,0.981321,0.987629,1.833554,0.021566,0.004568
2325,0.984251,0.983861,0.981321,0.987629,1.833539,0.021566,0.004568
2326,0.984251,0.983861,0.981321,0.987629,1.833523,0.021571,0.004563
2327,0.984251,0.983862,0.98132,0.987624,1.833508,0.021576,0.004564
2328,0.984252,0.983862,0.98132,0.987624,1.833493,0.02158,0.004559
2329,0.984252,0.983863,0.98132,0.987624,1.833477,0.021585,0.004554
2330,0.984252,0.983863,0.981319,0.987629,1.833462,0.021585,0.004549
2331,0.984253,0.983863,0.981319,0.987629,1.833447,0.02159,0.004544
2332,0.984253,0.983864,0.981319,0.987633,1.833431,0.02159,0.00454
2333,0.984254,0.983864,0.981318,0.987633,1.833416,0.02159,0.00454
2334,0.984254,0.983864,0.981318,0.987638,1.833401,0.02159,0.004535
2335,0.984254,0.983865,0.981318,0.987638,1.833385,0.02159,0.004535
2336,0.984255,0.983865,0.981317,0.987642,1.83337,0.02159,0.00453
2337,0.984255,0.983865,0.981317,0.987647,1.833355,0.02159,0.004526
2338,0.984255,0.983866,0.981317,0.987652,1.833339,0.02159,0.004521
2339,0.984256,0.983866,0.981316,0.987656,1.833324,0.02159,0.004516
2340,0.984256,0.983866,0.981316,0.987661,1.833308,0.02159,0.004511
2341,0.984256,0.983867,0.981316,0.987665,1.833293,0.02159,0.004507
2342,0.984257,0.983867,0.981315,0.98767,1.833278,0.02159,0.004502
2343,0.984257,0.983867,0.981315,0.987675,1.833262,0.021591,0.004497
2344,0.984257,0.983868,0.981315,0.987679,1.833247,0.021591,0.004493
2345,0.984258,0.983868,0.981314,0.987684,1.833232,0.021591,0.004488
2346,0.984258,0.983868,0.981314,0.987689,1.833216,0.021591,0.004483
2347,0.984258,0.983869,0.981314,0.987693,1.833201,0.021591,0.004478
2348,0.984259,0.983869,0.981313,0.987698,1.833186,0.021591,0.004474
2349,0.984259,0.983869,0.981313,0.987702,1.83317,0.021591,0.004469
2350,0.984259,0.98387,0.981313,0.987707,1.833155,0.021591,0.004464
2351,0.98426,0.98387,0.981312,0.987712,1.83314,0.021591,0.00446
2352,0.98426,0.98387,0.981312,0.987716,1.833124,0.021591,0.004455
2353,0.98426,0.983871,0.981312,0.987721,1.833109,0.021591,0.00445
2354,0.984261,0.983871,0.981311,0.987725,1.833093,0.021591,0.004446
2355,0.984261,0.983871,0.981311,0.98773,1.833078,0.021591,0.004441
2356,0.984261,0.983872,0.981311,0.987734,1.833063,0.021591,0.004436
2357,0.984262,0.983872,0.98131,0.987739,1.833047,0.021591,0.004432
2358,0.984262,0.983872,0.98131,0.987743,1.833032,0.021591,0.004427
2359,0.984262,0.983873,0.98131,0.987748,1.833017,0.021591,0.004422
2360,0.984263,0.983873,0.981309,0.987753,1.833001,0.021591,0.004418
2361,0.984263,0.983873,0.981309,0.987757,1.832986,0.021591,0.004413
2362,0.984263,0.983874,0.981309,0.987762,1.832971,0.021591,0.004409
2363,0.984264,0.983874,0.981308,0.987766,1.832955,0.021591,0.004404
2364,0.984264,0.983874,0.981308,0.987771,1.83294,0.021591,0.004399
2365,0.984264,0.983875,0.981308,0.987775,1.832925,0.021591,0.004395
2366,0.984265,0.983875,0.981307,0.987775,1.832909,0.021591,0.004395
2367,0.984265,0.983875,0.981307,0.987779,1.832894,0.021591,0.00439
2368,0.984265,0.983876,0.981307,0.987779,1.832878,0.021592,0.004391
2369,0.984266,0.983876,0.981306,0.987779,1.832863,0.021592,0.004391
2370,0.984266,0.983876,0.981306,0.987773,1.832848,0.021592,0.004396
2371,0.984266,0.983877,0.981306,0.987773,1.832832,0.021592,0.004396
2372,0.984267,0.983877,0.981305,0.987778,1.832817,0.021592,0.004392
2373,0.984267,0.983877,0.981305,0.987777,1.832802,0.021592,0.004392
2374,0.984267,0.983878,0.981305,0.987782,1.832786,0.021592,0.004387
2375,0.984268,0.983878,0.981304,0.987781,1.832771,0.021592,0.004388
2376,0.984268,0.983878,0.981304,0.987786,1.832756,0.021592,0.004383
2377,0.984268,0.983879,0.981304,0.98779,1.83274,0.021592,0.004378
2378,0.984269,0.983879,0.981303,0.98779,1.832725,0.021592,0.004379
2379,0.984269,0.983879,0.981303,0.987794,1.83271,0.021592,0.004374
2380,0.984269,0.98388,0.981303,0.987794,1.832694,0.021592,0.004374
2381,0.98427,0.98388,0.981302,0.987799,1.832679,0.021592,0.00437
2382,0.98427,0.98388,0.981302,0.987798,1.832663,0.021592,0.00437
2383,0.98427,0.983881,0.981302,0.987803,1.832648,0.021592,0.004365
2384,0.984271,0.983881,0.981301,0.987802,1.832633,0.021592,0.004366
2385,0.984271,0.983881,0.981301,0.987807,1.832617,0.021592,0.004361
2386,0.984271,0.983882,0.981301,0.987806,1.832602,0.021592,0.004361
2387,0.984272,0.983882,0.9813,0.987811,1.832587,0.021592,0.004357
2388,0.984272,0.983882,0.9813,0.987815,1.832571,0.021592,0.004352
2389,0.984272,0.983883,0.9813,0.98782,1.832556,0.021592,0.004348
2390,0.984273,0.983883,0.981299,0.987824,1.832541,0.021592,0.004343
2391,0.984273,0.983883,0.981299,0.987829,1.832525,0.021592,0.004339
2392,0.984273,0.983884,0.981299,0.987833,1.83251,0.021592,0.004334
2393,0.984274,0.983884,0.981298,0.987838,1.832495,0.021593,0.00433
2394,0.984274,0.983884,0.981298,0.987842,1.832479,0.021593,0.004325
2395,0.984274,0.983885,0.981298,0.987847,1.832464,0.021593,0.00432
2396,0.984275,0.983885,0.981297,0.987851,1.832448,0.021593,0.004316
2397,0.984275,0.983885,0.981297,0.987855,1.832433,0.021593,0.004311
2398,0.984275,0.983886,0.981297,0.98786,1.832418,0.021593,0.004307
2399,0.984276,0.983886,0.981296,0.987864,1.832402,0.021593,0.004302
2400,0.984276,0.983886,0.981296,0.987869,1.832387,0.021593,0.004298
2401,0.984276,0.983887,0.981296,0.987868,1.832372,0.021593,0.004298
2402,0.984277,0.983887,0.981295,0.987873,1.832356,0.021593,0.004294
2403,0.984277,0.983887,0.981295,0.987877,1.832341,0.021593,0.004289
2404,0.984277,0.983888,0.981295,0.987882,1.832326,0.021593,0.004285
2405,0.984278,0.983888,0.981294,0.987886,1.83231,0.021593,0.00428
2406,0.984278,0.983888,0.981294,0.98789,1.832295,0.021593,0.004276
2407,0.984278,0.983889,0.981294,0.987895,1.83228,0.021593,0.004271
2408,0.984279,0.983889,0.981293,0.987899,1.832264,0.021593,0.004267
2409,0.984279,0.983889,0.981293,0.987899,1.832249,0.021593,0.004267
2410,0.984279,0.98389,0.981293,0.987898,1.832233,0.021593,0.004267
2411,0.98428,0.98389,0.981292,0.987898,1.832218,0.021593,0.004268
2412,0.98428,0.98389,0.981292,0.987897,1.832203,0.021593,0.004268
2413,0.98428,0.983891,0.981292,0.987897,1.832187,0.021593,0.004269
2414,0.984281,0.983891,0.981291,0.987901,1.832172,0.021593,0.004264
2415,0.984281,0.983891,0.981291,0.987901,1.832157,0.021593,0.004264
2416,0.984281,0.983892,0.98129,0.987905,1.832141,0.021593,0.00426
2417,0.984282,0.983892,0.98129,0.987905,1.832126,0.021593,0.00426
2418,0.984282,0.983892,0.98129,0.987909,1.832111,0.021594,0.004256
2419,0.984282,0.983893,0.981289,0.987909,1.832095,0.021594,0.004256
2420,0.984283,0.983893,0.981289,0.987913,1.83208,0.021594,0.004252
2421,0.984283,0.983893,0.981289,0.987912,1.832065,0.021594,0.004252
2422,0.984283,0.983894,0.981288,0.987917,1.832049,0.021594,0.004248
2423,0.984284,0.983894,0.981288,0.987916,1.832034,0.021594,0.004248
2424,0.984284,0.983894,0.981288,0.987921,1.832018,0.021594,0.004244
2425,0.984284,0.983895,0.981287,0.987925,1.832003,0.021594,0.004239
2426,0.984285,0.983895,0.981287,0.987929,1.831988,0.021594,0.004235
2427,0.984285,0.983895,0.981287,0.987934,1.831972,0.021594,0.00423
2428,0.984285,0.983896,0.981286,0.987938,1.831957,0.021594,0.004226
2429,0.984286,0.983896,0.981286,0.987938,1.831942,0.021594,0.004226
2430,0.984286,0.983896,0.981286,0.987942,1.831926,0.021594,0.004222
2431,0.984286,0.983897,0.981285,0.987941,1.831911,0.021594,0.004222
2432,0.984287,0.983897,0.981285,0.987946,1.831896,0.021594,0.004218
2433,0.984287,0.983897,0.981285,0.98795,1.83188,0.021594,0.004213
2434,0.984287,0.983898,0.981284,0.987954,1.831865,0.021594,0.004209
2435,0.984288,0.983898,0.981284,0.987959,1.83185,0.021594,0.004204
2436,0.984288,0.983898,0.981284,0.987963,1.831834,0.021594,0.0042
2437,0.984288,0.983899,0.981283,0.987962,1.831819,0.021594,0.0042
2438,0.984289,0.983899,0.981283,0.987962,1.831803,0.021594,0.004201
2439,0.984289,0.9839,0.981283,0.987966,1.831788,0.021594,0.004197
2440,0.984289,0.9839,0.981282,0.987966,1.831773,0.021594,0.004197
2441,0.98429,0.9839,0.981282,0.987965,1.831757,0.021594,0.004197
2442,0.98429,0.983901,0.981282,0.987965,1.831742,0.021595,0.004198
2443,0.98429,0.983901,0.981281,0.987964,1.831727,0.021595,0.004198
2444,0.984291,0.983901,0.981281,0.987959,1.831711,0.021595,0.004204
2445,0.984291,0.983902,0.981281,0.987958,1.831696,0.021595,0.004204
2446,0.984291,0.983902,0.98128,0.987953,1.831681,0.021595,0.004209
2447,0.984292,0.983902,0.98128,0.987952,1.831665,0.021595,0.00421
2448,0.984292,0.983903,0.98128,0.987947,1.83165,0.021595,0.004215
2449,0.984293,0.983903,0.981279,0.987946,1.831635,0.021595,0.004216
2450,0.984293,0.983903,0.981279,0.987941,1.831619,0.021595,0.004221
2451,0.984293,0.983904,0.981279,0.98794,1.831604,0.021595,0.004221
2452,0.984294,0.983904,0.981278,0.987935,1.831588,0.021595,0.004227
2453,0.984294,0.983904,0.981278,0.987934,1.831573,0.021595,0.004227
2454,0.984294,0.983905,0.981278,0.987934,1.831558,0.021595,0.004227
2455,0.984295,0.983905,0.981277,0.987938,1.831542,0.021595,0.004223
2456,0.984295,0.983905,0.981277,0.987938,1.831527,0.021595,0.004223
2457,0.984295,0.983906,0.981277,0.987942,1.831512,0.021595,0.004219
2458,0.984296,0.983906,0.981276,0.987942,1.831496,0.021595,0.004219
2459,0.984296,0.983906,0.981276,0.987946,1.831481,0.021595,0.004215
2460,0.984296,0.983907,0.981276,0.987945,1.831466,0.021595,0.004215
2461,0.984297,0.983907,0.981275,0.987945,1.83145,0.021595,0.004216
2462,0.984297,0.983907,0.981275,0.987944,1.831435,0.021595,0.004216
2463,0.984297,0.983908,0.981275,0.987944,1.83142,0.021595,0.004217
2464,0.984298,0.983908,0.981274,0.987943,1.831404,0.021595,0.004217
2465,0.984298,0.983908,0.981274,0.987943,1.831389,0.021595,0.004218
2466,0.984298,0.983909,0.981274,0.987942,1.831373,0.021596,0.004218
2467,0.984299,0.983909,0.981273,0.987942,1.831358,0.021596,0.004218
2468,0.984299,0.983909,0.981273,0.987941,1.831343,0.021596,0.004219
2469,0.984299,0.98391,0.981273,0.987941,1.831327,0.021596,0.004219
2470,0.9843,0.98391,0.981272,0.987945,1.831312,0.021596,0.004215
2471,0.9843,0.98391,0.981272,0.987944,1.831297,0.021596,0.004215
2472,0.9843,0.983911,0.981272,0.987944,1.831281,0.021596,0.004216
2473,0.984301,0.983911,0.981271,0.987943,1.831266,0.021596,0.004216
2474,0.984301,0.983911,0.981271,0.987943,1.831251,0.021596,0.004217
2475,0.984301,0.983912,0.981271,0.987942,1.831235,0.021596,0.004217
2476,0.984302,0.983912,0.98127,0.987942,1.83122,0.021596,0.004217
2477,0.984302,0.983912,0.98127,0.987941,1.831205,0.021596,0.004218
2478,0.984302,0.983913,0.98127,0.987945,1.831189,0.021596,0.004213
2479,0.984303,0.983913,0.981269,0.98795,1.831174,0.021596,0.004209
2480,0.984303,0.983913,0.981269,0.987949,1.831158,0.021596,0.004209
2481,0.984303,0.983914,0.981269,0.987954,1.831143,0.021596,0.004205
2482,0.984304,0.983914,0.981268,0.987953,1.831128,0.021596,0.004206
2483,0.984304,0.983914,0.981268,0.987957,1.831112,0.021596,0.004201
2484,0.984304,0.983915,0.981268,0.987952,1.831097,0.021596,0.004206
2485,0.984305,0.983915,0.981267,0.987956,1.831082,0.021596,0.004202
2486,0.984305,0.983915,0.981267,0.987951,1.831066,0.021596,0.004207
2487,0.984305,0.983916,0.981266,0.987955,1.831051,0.021596,0.004203
2488,0.984306,0.983916,0.981266,0.98795,1.831036,0.021596,0.004208
2489,0.984306,0.983916,0.981266,0.987954,1.83102,0.021596,0.004204
2490,0.984306,0.983917,0.981265,0.987954,1.831005,0.021597,0.004204
2491,0.984307,0.983917,0.981265,0.987953,1.83099,0.021597,0.004205
2492,0.984307,0.983917,0.981265,0.987952,1.830974,0.021597,0.004205
2493,0.984307,0.983918,0.981264,0.987947,1.830959,0.021597,0.00421
2494,0.984308,0.983918,0.981264,0.987946,1.830943,0.021597,0.004211
2495,0.984308,0.983918,0.981264,0.987946,1.830928,0.021597,0.004211
2496,0.984308,0.983919,0.981263,0.987945,1.830913,0.021597,0.004212
2497,0.984309,0.983919,0.981263,0.98794,1.830897,0.021597,0.004217
2498,0.984309,0.98392,0.981263,0.987939,1.830882,0.021597,0.004218
2499,0.984309,0.98392,0.981262,0.987939,1.830867,0.021597,0.004218
2500,0.98431,0.98392,0.981262,0.987938,1.830851,0.021597,0.004218
2501,0.98431,0.983921,0.981262,0.987938,1.830836,0.021597,0.004219
2502,0.984311,0.983921,0.981261,0.987937,1.830821,0.021597,0.004219
2503,0.984311,0.983921,0.981261,0.987932,1.830805,0.021597,0.004225
2504,0.984311,0.983922,0.981261,0.987926,1.83079,0.021597,0.00423
2505,0.984312,0.983922,0.98126,0.987921,1.830775,0.021597,0.004235
2506,0.984312,0.983922,0.98126,0.987921,1.830759,0.021597,0.004236
2507,0.984312,0.983923,0.98126,0.98792,1.830744,0.021597,0.004236
2508,0.984313,0.983923,0.981259,0.987924,1.830728,0.021597,0.004232
2509,0.984313,0.983923,0.981259,0.987924,1.830713,0.021597,0.004232
2510,0.984313,0.983924,0.981259,0.987923,1.830698,0.021597,0.004232
2511,0.984314,0.983924,0.981258,0.987923,1.830682,0.021597,0.004233
2512,0.984314,0.983924,0.981258,0.987922,1.830667,0.021597,0.004233
2513,0.984314,0.983925,0.981258,0.987922,1.830652,0.021598,0.004234
2514,0.984315,0.983925,0.981257,0.987921,1.830636,0.021598,0.004234
2515,0.984315,0.983925,0.981257,0.987921,1.830621,0.021598,0.004235
2516,0.984315,0.983926,0.981257,0.98792,1.830606,0.021598,0.004235
2517,0.984316,0.983926,0.981256,0.98792,1.83059,0.021598,0.004235
2518,0.984316,0.983926,0.981256,0.987919,1.830575,0.021598,0.004236
2519,0.984316,0.983927,0.981256,0.987919,1.83056,0.021598,0.004236
2520,0.984317,0.983927,0.981255,0.987918,1.830544,0.021598,0.004237
2521,0.984317,0.983927,0.981255,0.987917,1.830529,0.021598,0.004237
2522,0.984317,0.983928,0.981255,0.987912,1.830513,0.021598,0.004242
2523,0.984318,0.983928,0.981254,0.987912,1.830498,0.021598,0.004243
2524,0.984318,0.983928,0.981254,0.987911,1.830483,0.021598,0.004243
2525,0.984318,0.983929,0.981254,0.987911,1.830467,0.021598,0.004244
2526,0.984319,0.983929,0.981253,0.98791,1.830452,0.021598,0.004244
2527,0.984319,0.983929,0.981253,0.98791,1.830437,0.021598,0.004245
2528,0.984319,0.98393,0.981253,0.987909,1.830421,0.021598,0.004245
2529,0.98432,0.98393,0.981252,0.987909,1.830406,0.021598,0.004245
2530,0.98432,0.98393,0.981252,0.987913,1.830391,0.021598,0.004241
2531,0.98432,0.983931,0.981252,0.987912,1.830375,0.021598,0.004241
2532,0.984321,0.983931,0.981251,0.987917,1.83036,0.021598,0.004237
2533,0.984321,0.983931,0.981251,0.987911,1.830345,0.021598,0.004242
2534,0.984321,0.983932,0.981251,0.987916,1.830329,0.021598,0.004238
2535,0.984322,0.983932,0.98125,0.987915,1.830314,0.021598,0.004238
2536,0.984322,0.983932,0.98125,0.987915,1.830298,0.021598,0.004239
2537,0.984322,0.983933,0.981249,0.987914,1.830283,0.021599,0.004239
2538,0.984323,0.983933,0.981249,0.987914,1.830268,0.021599,0.004239
2539,0.984323,0.983933,0.981249,0.987913,1.830252,0.021599,0.00424
2540,0.984323,0.983934,0.981248,0.987917,1.830237,0.021599,0.004235
2541,0.984324,0.983934,0.981248,0.987917,1.830222,0.021599,0.004236
2542,0.984324,0.983934,0.981248,0.987921,1.830206,0.021599,0.004231
2543,0.984324,0.983935,0.981247,0.987921,1.830191,0.021599,0.004232
2544,0.984325,0.983935,0.981247,0.987925,1.830176,0.021599,0.004227
2545,0.984325,0.983935,0.981247,0.987925,1.83016,0.021599,0.004228
2546,0.984325,0.983936,0.981246,0.987929,1.830145,0.021599,0.004223
2547,0.984326,0.983936,0.981246,0.987928,1.83013,0.021599,0.004224
2548,0.984326,0.983937,0.981246,0.987933,1.830114,0.021599,0.004219
2549,0.984326,0.983937,0.981245,0.987932,1.830099,0.021599,0.00422
2550,0.984327,0.983937,0.981245,0.987937,1.830083,0.021599,0.004215
2551,0.984327,0.983938,0.981245,0.987936,1.830068,0.021599,0.004216
2552,0.984327,0.983938,0.981244,0.98794,1.830053,0.021599,0.004211
2553,0.984328,0.983938,0.981244,0.98794,1.830037,0.021599,0.004212
2554,0.984328,0.983939,0.981244,0.987944,1.830022,0.021599,0.004207
2555,0.984329,0.983939,0.981243,0.987944,1.830007,0.021599,0.004208
2556,0.984329,0.983939,0.981243,0.987948,1.829991,0.021599,0.004203
2557,0.984329,0.98394,0.981243,0.987952,1.829976,0.021599,0.004199
2558,0.98433,0.98394,0.981242,0.987952,1.829961,0.021599,0.004199
2559,0.98433,0.98394,0.981242,0.987956,1.829945,0.021599,0.004195
2560,0.98433,0.983941,0.981242,0.987955,1.82993,0.0216,0.004195
2561,0.984331,0.983941,0.981241,0.98796,1.829914,0.0216,0.004191
2562,0.984331,0.983941,0.981241,0.987959,1.829899,0.0216,0.004191
2563,0.984331,0.983942,0.981241,0.987963,1.829884,0.0216,0.004187
2564,0.984332,0.983942,0.98124,0.987963,1.829868,0.0216,0.004188
2565,0.984332,0.983942,0.98124,0.987967,1.829853,0.0216,0.004183
2566,0.984332,0.983943,0.98124,0.987971,1.829838,0.0216,0.004179
2567,0.984333,0.983943,0.981239,0.987976,1.829822,0.0216,0.004174
2568,0.984333,0.983943,0.981239,0.98798,1.829807,0.0216,0.00417
2569,0.984333,0.983944,0.981239,0.987984,1.829792,0.0216,0.004166
2570,0.984334,0.983944,0.981238,0.987984,1.829776,0.0216,0.004166
2571,0.984334,0.983944,0.981238,0.987988,1.829761,0.0216,0.004162
2572,0.984334,0.983945,0.981238,0.987987,1.829746,0.0216,0.004162
2573,0.984335,0.983945,0.981237,0.987992,1.82973,0.0216,0.004158
2574,0.984335,0.983945,0.981237,0.987996,1.829715,0.0216,0.004153
2575,0.984335,0.983946,0.981237,0.988,1.829699,0.0216,0.004149
2576,0.984336,0.983946,0.981236,0.988004,1.829684,0.0216,0.004145
2577,0.984336,0.983946,0.981236,0.988009,1.829669,0.0216,0.00414
2578,0.984336,0.983947,0.981236,0.988008,1.829653,0.0216,0.004141
2579,0.984337,0.983947,0.981235,0.988007,1.829638,0.0216,0.004141
2580,0.984337,0.983947,0.981235,0.988007,1.829623,0.0216,0.004142
2581,0.984337,0.983948,0.981235,0.988006,1.829607,0.0216,0.004142
2582,0.984338,0.983948,0.981234,0.988001,1.829592,0.0216,0.004148
2583,0.984338,0.983948,0.981234,0.987995,1.829577,0.021601,0.004153
2584,0.984338,0.983949,0.981234,0.98799,1.829561,0.021601,0.004159
2585,0.984339,0.983949,0.981233,0.987984,1.829546,0.021601,0.004164
2586,0.984339,0.983949,0.981233,0.987979,1.829531,0.021601,0.004169
2587,0.984339,0.98395,0.981233,0.987973,1.829515,0.021601,0.004175
2588,0.98434,0.98395,0.981232,0.987973,1.8295,0.021601,0.004175
2589,0.98434,0.98395,0.981232,0.987972,1.829484,0.021601,0.004176
2590,0.98434,0.983951,0.981232,0.987967,1.829469,0.021601,0.004181
2591,0.984341,0.983951,0.981231,0.987966,1.829454,0.021601,0.004181
2592,0.984341,0.983951,0.981231,0.987966,1.829438,0.021601,0.004182
2593,0.984341,0.983952,0.981231,0.987965,1.829423,0.021601,0.004182
2594,0.984342,0.983952,0.98123,0.987965,1.829408,0.021601,0.004183
2595,0.984342,0.983952,0.98123,0.987964,1.829392,0.021601,0.004183
2596,0.984342,0.983953,0.98123,0.987968,1.829377,0.021601,0.004179
2597,0.984343,0.983953,0.981229,0.987973,1.829362,0.021601,0.004175
2598,0.984343,0.983953,0.981229,0.987972,1.829346,0.021601,0.004175
2599,0.984343,0.983954,0.981229,0.987967,1.829331,0.021601,0.00418
2600,0.984344,0.983954,0.981228,0.987971,1.829316,0.021601,0.004176
2601,0.984344,0.983954,0.981228,0.98797,1.8293,0.021601,0.004176
2602,0.984344,0.983955,0.981228,0.987975,1.829285,0.021601,0.004172
2603,0.984345,0.983955,0.981227,0.987979,1.829269,0.021601,0.004168
2604,0.984345,0.983955,0.981227,0.987978,1.829254,0.021601,0.004168
2605,0.984345,0.983956,0.981226,0.987983,1.829239,0.021601,0.004164
2606,0.984346,0.983956,0.981226,0.987987,1.829223,0.021601,0.004159
2607,0.984346,0.983956,0.981226,0.987991,1.829208,0.021602,0.004155
2608,0.984346,0.983957,0.981225,0.987991,1.829193,0.021602,0.004155
2609,0.984347,0.983957,0.981225,0.987995,1.829177,0.021602,0.004151
2610,0.984347,0.983957,0.981225,0.987999,1.829162,0.021602,0.004147
2611,0.984347,0.983958,0.981224,0.988003,1.829147,0.021602,0.004142
2612,0.984348,0.983958,0.981224,0.988008,1.829131,0.021602,0.004138
2613,0.984348,0.983958,0.981224,0.988012,1.829116,0.021602,0.004134
2614,0.984348,0.983959,0.981223,0.988016,1.829101,0.021602,0.004129
2615,0.984349,0.983959,0.981223,0.988015,1.829085,0.021602,0.00413
2616,0.984349,0.983959,0.981223,0.98802,1.82907,0.021602,0.004125
2617,0.984349,0.98396,0.981222,0.988019,1.829054,0.021602,0.004126
2618,0.98435,0.98396,0.981222,0.988023,1.829039,0.021602,0.004122
2619,0.98435,0.98396,0.981222,0.988023,1.829024,0.021602,0.004122
2620,0.98435,0.983961,0.981221,0.988027,1.829008,0.021602,0.004118
2621,0.984351,0.983961,0.981221,0.988026,1.828993,0.021602,0.004118
2622,0.984351,0.983962,0.981221,0.988031,1.828978,0.021602,0.004114
2623,0.984351,0.983962,0.98122,0.98803,1.828962,0.021602,0.004115
2624,0.984352,0.983962,0.98122,0.988034,1.828947,0.021602,0.00411
2625,0.984352,0.983963,0.98122,0.988038,1.828932,0.021602,0.004106
2626,0.984352,0.983963,0.981219,0.988038,1.828916,0.021602,0.004107
2627,0.984353,0.983963,0.981219,0.988037,1.828901,0.021602,0.004107
2628,0.984353,0.983964,0.981219,0.988036,1.828885,0.021602,0.004108
2629,0.984353,0.983964,0.981218,0.988036,1.82887,0.021602,0.004108
2630,0.984354,0.983964,0.981218,0.988035,1.828855,0.021603,0.004109
2631,0.984354,0.983965,0.981218,0.988035,1.828839,0.021603,0.004109
2632,0.984354,0.983965,0.981217,0.988029,1.828824,0.021603,0.004115
2633,0.984355,0.983965,0.981217,0.988028,1.828809,0.021603,0.004115
2634,0.984355,0.983966,0.981217,0.988023,1.828793,0.021603,0.004121
2635,0.984356,0.983966,0.981216,0.988022,1.828778,0.021603,0.004121
2636,0.984356,0.983966,0.981216,0.988022,1.828763,0.021603,0.004122
2637,0.984356,0.983967,0.981216,0.988026,1.828747,0.021603,0.004117
2638,0.984357,0.983967,0.981215,0.988025,1.828732,0.021603,0.004118
2639,0.984357,0.983967,0.981215,0.988029,1.828717,0.021603,0.004114
2640,0.984357,0.983968,0.981215,0.988024,1.828701,0.021603,0.004119
2641,0.984358,0.983968,0.981214,0.988028,1.828686,0.021603,0.004115
2642,0.984358,0.983968,0.981214,0.988023,1.82867,0.021603,0.00412
2643,0.984358,0.983969,0.981214,0.988027,1.828655,0.021603,0.004116
2644,0.984359,0.983969,0.981213,0.988026,1.82864,0.021603,0.004116
2645,0.984359,0.983969,0.981213,0.98803,1.828624,0.021603,0.004112
2646,0.984359,0.98397,0.981213,0.98803,1.828609,0.021603,0.004112
2647,0.98436,0.98397,0.981212,0.988034,1.828594,0.021603,0.004108
2648,0.98436,0.98397,0.981212,0.988029,1.828578,0.021603,0.004114
2649,0.98436,0.983971,0.981212,0.988028,1.828563,0.021603,0.004114
2650,0.984361,0.983971,0.981211,0.988022,1.828548,0.021603,0.004119
2651,0.984361,0.983971,0.981211,0.988027,1.828532,0.021603,0.004115
2652,0.984361,0.983972,0.981211,0.988021,1.828517,0.021603,0.004121
2653,0.984362,0.983972,0.98121,0.988021,1.828502,0.021603,0.004121
2654,0.984362,0.983972,0.98121,0.988015,1.828486,0.021604,0.004126
2655,0.984362,0.983973,0.98121,0.988014,1.828471,0.021604,0.004127
2656,0.984363,0.983973,0.981209,0.988014,1.828455,0.021604,0.004128
2657,0.984363,0.983973,0.981209,0.988018,1.82844,0.021604,0.004123
2658,0.984363,0.983974,0.981209,0.988017,1.828425,0.021604,0.004124
2659,0.984364,0.983974,0.981208,0.988022,1.828409,0.021604,0.004119
2660,0.984364,0.983974,0.981208,0.988021,1.828394,0.021604,0.00412
2661,0.984364,0.983975,0.981208,0.98802,1.828379,0.021604,0.00412
2662,0.984365,0.983975,0.981207,0.98802,1.828363,0.021604,0.004121
2663,0.984365,0.983975,0.981207,0.988019,1.828348,0.021604,0.004121
2664,0.984365,0.983976,0.981207,0.988019,1.828333,0.021604,0.004122
2665,0.984366,0.983976,0.981206,0.988013,1.828317,0.021604,0.004127
2666,0.984366,0.983976,0.981206,0.988012,1.828302,0.021604,0.004128
2667,0.984366,0.983977,0.981206,0.988007,1.828287,0.021604,0.004133
2668,0.984367,0.983977,0.981205,0.988006,1.828271,0.021604,0.004134
2669,0.984367,0.983977,0.981205,0.988001,1.828256,0.021604,0.004139
2670,0.984367,0.983978,0.981205,0.988,1.82824,0.021604,0.00414
2671,0.984368,0.983978,0.981204,0.987995,1.828225,0.021604,0.004145
2672,0.984368,0.983978,0.981204,0.987994,1.82821,0.021604,0.004146
2673,0.984368,0.983979,0.981204,0.987989,1.828194,0.021604,0.004151
2674,0.984369,0.983979,0.981203,0.987988,1.828179,0.021604,0.004152
2675,0.984369,0.983979,0.981203,0.987987,1.828164,0.021604,0.004152
2676,0.984369,0.98398,0.981203,0.987992,1.828148,0.021604,0.004148
2677,0.98437,0.98398,0.981202,0.987991,1.828133,0.021604,0.004148
2678,0.98437,0.98398,0.981202,0.987995,1.828118,0.021605,0.004144
2679,0.98437,0.983981,0.981202,0.987995,1.828102,0.021605,0.004144
2680,0.984371,0.983981,0.981201,0.987999,1.828087,0.021605,0.00414
2681,0.984371,0.983981,0.981201,0.987998,1.828072,0.021605,0.004141
2682,0.984371,0.983982,0.981201,0.987998,1.828056,0.021605,0.004141
2683,0.984372,0.983982,0.9812,0.987997,1.828041,0.021605,0.004142
2684,0.984372,0.983982,0.9812,0.987997,1.828025,0.021605,0.004142
2685,0.984372,0.983983,0.9812,0.988001,1.82801,0.021605,0.004138
2686,0.984373,0.983983,0.981199,0.988,1.827995,0.021605,0.004138
2687,0.984373,0.983983,0.981199,0.988004,1.827979,0.021605,0.004134
2688,0.984373,0.983984,0.981199,0.988004,1.827964,0.021605,0.004134
2689,0.984374,0.983984,0.981198,0.988008,1.827949,0.021605,0.00413
2690,0.984374,0.983984,0.981198,0.988007,1.827933,0.021605,0.004131
2691,0.984374,0.983985,0.981198,0.988012,1.827918,0.021605,0.004126
2692,0.984375,0.983985,0.981197,0.988011,1.827903,0.021605,0.004127
2693,0.984375,0.983985,0.981197,0.988015,1.827887,0.021605,0.004122
2694,0.984375,0.983986,0.981197,0.98802,1.827872,0.021605,0.004118
2695,0.984376,0.983986,0.981196,0.988024,1.827857,0.021605,0.004114
2696,0.984376,0.983986,0.981196,0.988028,1.827841,0.021605,0.004109
2697,0.984376,0.983987,0.981196,0.988027,1.827826,0.021605,0.00411
2698,0.984377,0.983987,0.981195,0.988032,1.82781,0.021605,0.004106
2699,0.984377,0.983987,0.981195,0.988031,1.827795,0.021605,0.004106
2700,0.984377,0.983988,0.981195,0.98803,1.82778,0.021605,0.004107
2701,0.984378,0.983988,0.981194,0.98803,1.827764,0.021605,0.004107
2702,0.984378,0.983988,0.981194,0.988034,1.827749,0.021606,0.004103
2703,0.984378,0.983989,0.981194,0.988038,1.827734,0.021606,0.004099
2704,0.984379,0.983989,0.981193,0.988042,1.827718,0.021606,0.004094
2705,0.984379,0.983989,0.981193,0.988047,1.827703,0.021606,0.00409
2706,0.984379,0.98399,0.981193,0.988051,1.827688,0.021606,0.004086
2707,0.98438,0.98399,0.981192,0.98805,1.827672,0.021606,0.004086
2708,0.98438,0.98399,0.981192,0.988054,1.827657,0.021606,0.004082
2709,0.98438,0.983991,0.981192,0.988049,1.827642,0.021606,0.004087
2710,0.984381,0.983991,0.981191,0.988053,1.827626,0.021606,0.004083
2711,0.984381,0.983991,0.981191,0.988052,1.827611,0.021606,0.004084
2712,0.984381,0.983992,0.981191,0.988057,1.827595,0.021606,0.004079
2713,0.984382,0.983992,0.98119,0.988056,1.82758,0.021606,0.00408
2714,0.984382,0.983992,0.98119,0.988055,1.827565,0.021606,0.004081
2715,0.984382,0.983993,0.981189,0.98805,1.827549,0.021606,0.004086
2716,0.984383,0.983993,0.981189,0.988049,1.827534,0.021606,0.004087
2717,0.984383,0.983993,0.981189,0.988048,1.827519,0.021606,0.004087
2718,0.984383,0.983994,0.981188,0.988048,1.827503,0.021606,0.004088
2719,0.984384,0.983994,0.981188,0.988047,1.827488,0.021606,0.004088
2720,0.984384,0.983994,0.981188,0.988046,1.827473,0.021606,0.004089
2721,0.984384,0.983995,0.981187,0.988046,1.827457,0.021606,0.004089
2722,0.984385,0.983995,0.981187,0.98805,1.827442,0.021606,0.004085
2723,0.984385,0.983995,0.981187,0.988049,1.827427,0.021606,0.004086
2724,0.984385,0.983996,0.981186,0.988053,1.827411,0.021606,0.004081
2725,0.984386,0.983996,0.981186,0.988053,1.827396,0.021606,0.004082
2726,0.984386,0.983997,0.981186,0.988057,1.82738,0.021607,0.004078
2727,0.984386,0.983997,0.981185,0.988056,1.827365,0.021607,0.004078
2728,0.984387,0.983997,0.981185,0.98806,1.82735,0.021607,0.004074
2729,0.984387,0.983998,0.981185,0.98806,1.827334,0.021607,0.004074
2730,0.984388,0.983998,0.981184,0.988064,1.827319,0.021607,0.00407
2731,0.984388,0.983998,0.981184,0.988063,1.827304,0.021607,0.004071
2732,0.984388,0.983999,0.981184,0.988067,1.827288,0.021607,0.004066
2733,0.984389,0.983999,0.981183,0.988067,1.827273,0.021607,0.004067
2734,0.984389,0.983999,0.981183,0.988071,1.827258,0.021607,0.004063
2735,0.984389,0.984,0.981183,0.988075,1.827242,0.021607,0.004058
2736,0.98439,0.984,0.981182,0.988079,1.827227,0.021607,0.004054
2737,0.98439,0.984,0.981182,0.988084,1.827212,0.021607,0.00405
2738,0.98439,0.984001,0.981182,0.988088,1.827196,0.021607,0.004046
2739,0.984391,0.984001,0.981181,0.988092,1.827181,0.021607,0.004041
2740,0.984391,0.984001,0.981181,0.988096,1.827165,0.021607,0.004037
2741,0.984391,0.984002,0.981181,0.9881,1.82715,0.021607,0.004033
2742,0.984392,0.984002,0.98118,0.988104,1.827135,0.021607,0.004029
2743,0.984392,0.984002,0.98118,0.988104,1.827119,0.021607,0.004029
2744,0.984392,0.984003,0.98118,0.988108,1.827104,0.021607,0.004025
2745,0.984393,0.984003,0.981179,0.988107,1.827089,0.021607,0.004026
2746,0.984393,0.984003,0.981179,0.988111,1.827073,0.021607,0.004021
2747,0.984393,0.984004,0.981179,0.98811,1.827058,0.021607,0.004022
2748,0.984394,0.984004,0.981178,0.988115,1.827043,0.021607,0.004018
2749,0.984394,0.984004,0.981178,0.988114,1.827027,0.021607,0.004018
2750,0.984394,0.984005,0.981178,0.988118,1.827012,0.021608,0.004014
2751,0.984395,0.984005,0.981177,0.988117,1.826997,0.021608,0.004015
2752,0.984395,0.984005,0.981177,0.988121,1.826981,0.021608,0.004011
2753,0.984395,0.984006,0.981177,0.988121,1.826966,0.021608,0.004011
2754,0.984396,0.984006,0.981176,0.988125,1.82695,0.021608,0.004007
2755,0.984396,0.984006,0.981176,0.988124,1.826935,0.021608,0.004008
2756,0.984396,0.984007,0.981175,0.988128,1.82692,0.021608,0.004003
2757,0.984397,0.984007,0.981175,0.988127,1.826904,0.021608,0.004004
2758,0.984397,0.984007,0.981175,0.988132,1.826889,0.021608,0.004
2759,0.984397,0.984008,0.981174,0.988131,1.826874,0.021608,0.004
2760,0.984398,0.984008,0.981174,0.988135,1.826858,0.021608,0.003996
2761,0.984398,0.984009,0.981174,0.988134,1.826843,0.021608,0.003997
2762,0.984398,0.984009,0.981173,0.988138,1.826828,0.021608,0.003993
2763,0.984399,0.984009,0.981173,0.988138,1.826812,0.021608,0.003993
2764,0.984399,0.98401,0.981173,0.988137,1.826797,0.021608,0.003994
2765,0.9844,0.98401,0.981172,0.988136,1.826782,0.021608,0.003995
2766,0.9844,0.98401,0.981172,0.988135,1.826766,0.021608,0.003995
2767,0.9844,0.984011,0.981172,0.988135,1.826751,0.021608,0.003996
2768,0.984401,0.984011,0.981171,0.988134,1.826735,0.021608,0.003997
2769,0.984401,0.984011,0.981171,0.988133,1.82672,0.021608,0.003997
2770,0.984401,0.984012,0.981171,0.988132,1.826705,0.021608,0.003998
2771,0.984402,0.984012,0.98117,0.988132,1.826689,0.021608,0.003998
2772,0.984402,0.984012,0.98117,0.988131,1.826674,0.021608,0.003999
2773,0.984402,0.984013,0.98117,0.98813,1.826659,0.021609,0.004
2774,0.984403,0.984013,0.981169,0.988125,1.826643,0.021613,0.004
2775,0.984403,0.984013,0.981169,0.988124,1.826628,0.021613,0.004001
2776,0.984403,0.984014,0.981169,0.988128,1.826613,0.021613,0.003997
2777,0.984404,0.984014,0.981168,0.988127,1.826597,0.021613,0.003997
2778,0.984404,0.984014,0.981168,0.988131,1.826582,0.021613,0.003993
2779,0.984404,0.984015,0.981168,0.988131,1.826567,0.021613,0.003994
2780,0.984405,0.984015,0.981167,0.988135,1.826551,0.021614,0.00399
2781,0.984405,0.984015,0.981167,0.988139,1.826536,0.021614,0.003985
2782,0.984405,0.984016,0.981167,0.988143,1.82652,0.021614,0.003981
2783,0.984406,0.984016,0.981166,0.988147,1.826505,0.021614,0.003977
2784,0.984406,0.984016,0.981166,0.988151,1.82649,0.021614,0.003973
2785,0.984406,0.984017,0.981165,0.988155,1.826474,0.021614,0.003969
2786,0.984407,0.984017,0.981165,0.988159,1.826459,0.021614,0.003965
2787,0.984407,0.984017,0.981165,0.988163,1.826444,0.021614,0.00396
2788,0.984407,0.984018,0.981164,0.988167,1.826428,0.021614,0.003956
2789,0.984408,0.984018,0.981164,0.988171,1.826413,0.021614,0.003952
2790,0.984408,0.984019,0.981164,0.988176,1.826398,0.021614,0.003948
2791,0.984408,0.984019,0.981163,0.98818,1.826382,0.021614,0.003944
2792,0.984409,0.984019,0.981163,0.988184,1.826367,0.021614,0.003939
2793,0.984409,0.98402,0.981163,0.988188,1.826351,0.021614,0.003935
2794,0.98441,0.98402,0.981162,0.988192,1.826336,0.021614,0.003931
2795,0.98441,0.98402,0.981162,0.988196,1.826321,0.021614,0.003927
2796,0.98441,0.984021,0.981162,0.9882,1.826305,0.021614,0.003923
2797,0.984411,0.984021,0.981161,0.988204,1.82629,0.021614,0.003919
2798,0.984411,0.984021,0.981161,0.988208,1.826275,0.021614,0.003915
2799,0.984411,0.984022,0.981161,0.988212,1.826259,0.021614,0.003911
2800,0.984412,0.984022,0.98116,0.988216,1.826244,0.021614,0.003906
2801,0.984412,0.984022,0.98116,0.98822,1.826229,0.021614,0.003902
2802,0.984412,0.984023,0.98116,0.988224,1.826213,0.021614,0.003898
2803,0.984413,0.984023,0.981159,0.988228,1.826198,0.021615,0.003894
2804,0.984413,0.984023,0.981159,0.988232,1.826183,0.021615,0.00389
2805,0.984413,0.984024,0.981159,0.988231,1.826167,0.021615,0.003891
2806,0.984414,0.984024,0.981158,0.988235,1.826152,0.021615,0.003887
2807,0.984414,0.984024,0.981158,0.988234,1.826136,0.021615,0.003887
2808,0.984414,0.984025,0.981158,0.988233,1.826121,0.021615,0.003888
2809,0.984415,0.984025,0.981157,0.988232,1.826106,0.021615,0.003889
2810,0.984415,0.984025,0.981157,0.988237,1.82609,0.021615,0.003885
2811,0.984415,0.984026,0.981156,0.988236,1.826075,0.021615,0.003886
2812,0.984416,0.984026,0.981156,0.98824,1.82606,0.021615,0.003881
2813,0.984416,0.984026,0.981156,0.988239,1.826044,0.021615,0.003882
2814,0.984416,0.984027,0.981155,0.988243,1.826029,0.021615,0.003878
2815,0.984417,0.984027,0.981155,0.988247,1.826014,0.021615,0.003874
2816,0.984417,0.984028,0.981155,0.988246,1.825998,0.021615,0.003875
2817,0.984417,0.984028,0.981154,0.98825,1.825983,0.021615,0.003871
2818,0.984418,0.984028,0.981154,0.988254,1.825968,0.021615,0.003867
2819,0.984418,0.984029,0.981154,0.988258,1.825952,0.021615,0.003863
2820,0.984419,0.984029,0.981153,0.988257,1.825937,0.021615,0.003863
2821,0.984419,0.984029,0.981153,0.988261,1.825921,0.021615,0.003859
2822,0.984419,0.98403,0.981153,0.988265,1.825906,0.021615,0.003855
2823,0.98442,0.98403,0.981152,0.988264,1.825891,0.021615,0.003856
2824,0.98442,0.98403,0.981152,0.988263,1.825875,0.021615,0.003857
2825,0.98442,0.984031,0.981152,0.988262,1.82586,0.021616,0.003858
2826,0.984421,0.984031,0.981151,0.988261,1.825845,0.021616,0.003858
2827,0.984421,0.984031,0.981151,0.988265,1.825829,0.021616,0.003854
2828,0.984421,0.984032,0.981151,0.988264,1.825814,0.021616,0.003855
2829,0.984422,0.984032,0.98115,0.988268,1.825799,0.021616,0.003851
2830,0.984422,0.984032,0.98115,0.988272,1.825783,0.021616,0.003847
2831,0.984422,0.984033,0.98115,0.988267,1.825768,0.021616,0.003853
2832,0.984423,0.984033,0.981149,0.98827,1.825752,0.021616,0.003849
2833,0.984423,0.984033,0.981149,0.988274,1.825737,0.021616,0.003845
2834,0.984423,0.984034,0.981149,0.988278,1.825722,0.021616,0.00384
2835,0.984424,0.984034,0.981148,0.988277,1.825706,0.021616,0.003841
2836,0.984424,0.984034,0.981148,0.988277,1.825691,0.021616,0.003842
2837,0.984424,0.984035,0.981147,0.98828,1.825676,0.021616,0.003838
2838,0.984425,0.984035,0.981147,0.988284,1.82566,0.021616,0.003834
2839,0.984425,0.984035,0.981147,0.988288,1.825645,0.021616,0.00383
2840,0.984425,0.984036,0.981146,0.988287,1.82563,0.021616,0.003831
2841,0.984426,0.984036,0.981146,0.988287,1.825614,0.021616,0.003832
2842,0.984426,0.984037,0.981146,0.988281,1.825599,0.021616,0.003837
2843,0.984426,0.984037,0.981145,0.98828,1.825584,0.021616,0.003838
2844,0.984427,0.984037,0.981145,0.988274,1.825568,0.021616,0.003844
2845,0.984427,0.984038,0.981145,0.988278,1.825553,0.021616,0.00384
2846,0.984428,0.984038,0.981144,0.988282,1.825537,0.021616,0.003836
2847,0.984428,0.984038,0.981144,0.988286,1.825522,0.021616,0.003832
2848,0.984428,0.984039,0.981144,0.98829,1.825507,0.021617,0.003828
2849,0.984429,0.984039,0.981143,0.988294,1.825491,0.021617,0.003824
2850,0.984429,0.984039,0.981143,0.988293,1.825476,0.021621,0.00382
2851,0.984429,0.98404,0.981143,0.988297,1.825461,0.021621,0.003816
2852,0.98443,0.98404,0.981142,0.988301,1.825445,0.021621,0.003812
2853,0.98443,0.98404,0.981142,0.988305,1.82543,0.021621,0.003807
2854,0.98443,0.984041,0.981142,0.988304,1.825415,0.021621,0.003808
2855,0.984431,0.984041,0.981141,0.988298,1.825399,0.021626,0.003809
2856,0.984431,0.984041,0.981141,0.988297,1.825384,0.021626,0.00381
2857,0.984431,0.984042,0.981141,0.988291,1.825368,0.021626,0.003816
2858,0.984432,0.984042,0.98114,0.988281,1.825353,0.021631,0.003821
2859,0.984432,0.984042,0.98114,0.988275,1.825338,0.021631,0.003827
2860,0.984432,0.984043,0.98114,0.988269,1.825322,0.021631,0.003833
2861,0.984433,0.984043,0.981139,0.988263,1.825307,0.021631,0.003839
2862,0.984433,0.984043,0.981139,0.988258,1.825292,0.021631,0.003844
2863,0.984433,0.984044,0.981138,0.988252,1.825276,0.021631,0.00385
2864,0.984434,0.984044,0.981138,0.988246,1.825261,0.021631,0.003856
2865,0.984434,0.984044,0.981138,0.98824,1.825246,0.021631,0.003861
2866,0.984434,0.984045,0.981137,0.988235,1.82523,0.021631,0.003867
2867,0.984435,0.984045,0.981137,0.988229,1.825215,0.021631,0.003873
2868,0.984435,0.984046,0.981137,0.988228,1.8252,0.021632,0.003873
2869,0.984435,0.984046,0.981136,0.988222,1.825184,0.021632,0.003879
2870,0.984436,0.984046,0.981136,0.988221,1.825169,0.021632,0.00388
2871,0.984436,0.984047,0.981136,0.98822,1.825153,0.021632,0.003881
2872,0.984437,0.984047,0.981135,0.98822,1.825138,0.021632,0.003881
2873,0.984437,0.984047,0.981135,0.988219,1.825123,0.021632,0.003882
2874,0.984437,0.984048,0.981135,0.988213,1.825107,0.021632,0.003888
2875,0.984438,0.984048,0.981134,0.988212,1.825092,0.021632,0.003889
2876,0.984438,0.984048,0.981134,0.988211,1.825077,0.021632,0.003889
2877,0.984438,0.984049,0.981134,0.98821,1.825061,0.021632,0.00389
2878,0.984439,0.984049,0.981133,0.988209,1.825046,0.021632,0.003891
2879,0.984439,0.984049,0.981133,0.988209,1.825031,0.021632,0.003892
2880,0.984439,0.98405,0.981133,0.988203,1.825015,0.021632,0.003897
2881,0.98444,0.98405,0.981132,0.988202,1.825,0.021632,0.003898
2882,0.98444,0.98405,0.981132,0.988206,1.824985,0.021632,0.003894
2883,0.98444,0.984051,0.981132,0.98821,1.824969,0.021632,0.00389
2884,0.984441,0.984051,0.981131,0.988209,1.824954,0.021632,0.003891
2885,0.984441,0.984051,0.981131,0.988203,1.824938,0.021632,0.003896
2886,0.984441,0.984052,0.981131,0.988203,1.824923,0.021632,0.003897
2887,0.984442,0.984052,0.98113,0.988197,1.824908,0.021632,0.003903
2888,0.984442,0.984052,0.98113,0.988196,1.824892,0.021632,0.003903
2889,0.984442,0.984053,0.98113,0.988195,1.824877,0.021632,0.003904
2890,0.984443,0.984053,0.981129,0.988194,1.824862,0.021632,0.003905
2891,0.984443,0.984053,0.981129,0.988194,1.824846,0.021632,0.003906
2892,0.984443,0.984054,0.981129,0.988188,1.824831,0.021633,0.003911
2893,0.984444,0.984054,0.981128,0.988182,1.824816,0.021633,0.003917
2894,0.984444,0.984054,0.981128,0.988176,1.8248,0.021633,0.003922
2895,0.984444,0.984055,0.981127,0.988176,1.824785,0.021633,0.003923
2896,0.984445,0.984055,0.981127,0.98817,1.82477,0.021633,0.003929
2897,0.984445,0.984055,0.981127,0.988164,1.824754,0.021633,0.003934
2898,0.984445,0.984056,0.981126,0.988158,1.824739,0.021633,0.00394
2899,0.984446,0.984056,0.981126,0.988153,1.824723,0.021633,0.003945
2900,0.984446,0.984056,0.981126,0.988152,1.824708,0.021633,0.003946
2901,0.984446,0.984057,0.981125,0.988146,1.824693,0.021633,0.003952
2902,0.984447,0.984057,0.981125,0.988146,1.824677,0.021633,0.003952
2903,0.984447,0.984057,0.981125,0.98815,1.824662,0.021633,0.003948
2904,0.984447,0.984058,0.981124,0.988154,1.824647,0.021633,0.003944
2905,0.984448,0.984058,0.981124,0.988153,1.824631,0.021638,0.00394
2906,0.984448,0.984059,0.981124,0.988157,1.824616,0.021638,0.003936
2907,0.984448,0.984059,0.981123,0.988161,1.824601,0.021638,0.003932
2908,0.984449,0.984059,0.981123,0.988165,1.824585,0.021638,0.003927
2909,0.984449,0.98406,0.981123,0.988169,1.82457,0.021638,0.003923
2910,0.984449,0.98406,0.981122,0.988168,1.824555,0.021638,0.003924
2911,0.98445,0.98406,0.981122,0.988168,1.824539,0.021638,0.003925
2912,0.98445,0.984061,0.981122,0.988167,1.824524,0.021638,0.003926
2913,0.984451,0.984061,0.981121,0.988166,1.824508,0.021638,0.003926
2914,0.984451,0.984061,0.981121,0.988165,1.824493,0.021638,0.003927
2915,0.984451,0.984062,0.981121,0.988164,1.824478,0.021638,0.003928
2916,0.984452,0.984062,0.98112,0.988163,1.824462,0.021638,0.003928
2917,0.984452,0.984062,0.98112,0.988163,1.824447,0.021638,0.003929
2918,0.984452,0.984063,0.98112,0.988157,1.824432,0.021643,0.00393
2919,0.984453,0.984063,0.981119,0.988156,1.824416,0.021643,0.003931
2920,0.984453,0.984063,0.981119,0.988155,1.824401,0.021643,0.003931
2921,0.984453,0.984064,0.981119,0.988159,1.824386,0.021643,0.003927
2922,0.984454,0.984064,0.981118,0.988159,1.82437,0.021643,0.003928
2923,0.984454,0.984064,0.981118,0.988158,1.824355,0.021643,0.003929
2924,0.984454,0.984065,0.981118,0.988157,1.82434,0.021643,0.003929
2925,0.984455,0.984065,0.981117,0.988156,1.824324,0.021643,0.00393
2926,0.984455,0.984065,0.981117,0.988155,1.824309,0.021643,0.003931
2927,0.984455,0.984066,0.981117,0.988154,1.824293,0.021643,0.003932
2928,0.984456,0.984066,0.981116,0.988158,1.824278,0.021643,0.003928
2929,0.984456,0.984066,0.981116,0.988158,1.824263,0.021643,0.003928
2930,0.984456,0.984067,0.981116,0.988157,1.824247,0.021644,0.003929
2931,0.984457,0.984067,0.981115,0.988156,1.824232,0.021644,0.00393
2932,0.984457,0.984067,0.981115,0.98816,1.824217,0.021644,0.003926
2933,0.984457,0.984068,0.981115,0.988164,1.824201,0.021644,0.003921
2934,0.984458,0.984068,0.981114,0.988168,1.824186,0.021644,0.003917
2935,0.984458,0.984068,0.981114,0.988172,1.824171,0.021644,0.003913
2936,0.984458,0.984069,0.981114,0.988176,1.824155,0.021644,0.003909
2937,0.984459,0.984069,0.981113,0.98818,1.82414,0.021644,0.003905
2938,0.984459,0.984069,0.981113,0.988184,1.824125,0.021644,0.003901
2939,0.984459,0.98407,0.981113,0.988188,1.824109,0.021644,0.003897
2940,0.98446,0.98407,0.981112,0.988192,1.824094,0.021644,0.003893
2941,0.98446,0.98407,0.981112,0.988196,1.824078,0.021644,0.003888
2942,0.98446,0.984071,0.981112,0.9882,1.824063,0.021644,0.003884
2943,0.984461,0.984071,0.981111,0.988204,1.824048,0.021644,0.00388
2944,0.984461,0.984071,0.981111,0.988208,1.824032,0.021644,0.003876
2945,0.984461,0.984072,0.981111,0.988212,1.824017,0.021644,0.003872
2946,0.984462,0.984072,0.98111,0.988216,1.824002,0.021644,0.003868
2947,0.984462,0.984072,0.98111,0.98822,1.823986,0.021644,0.003864
2948,0.984462,0.984073,0.98111,0.988224,1.823971,0.021644,0.00386
2949,0.984463,0.984073,0.981109,0.988228,1.823956,0.021644,0.003856
2950,0.984463,0.984073,0.981109,0.988232,1.82394,0.021644,0.003852
2951,0.984463,0.984074,0.981109,0.988236,1.823925,0.021644,0.003848
2952,0.984464,0.984074,0.981108,0.988235,1.82391,0.021644,0.003848
2953,0.984464,0.984074,0.981108,0.988234,1.823894,0.021644,0.003849
2954,0.984464,0.984075,0.981108,0.988233,1.823879,0.021645,0.00385
2955,0.984465,0.984075,0.981107,0.988233,1.823863,0.021645,0.003851
2956,0.984465,0.984075,0.981107,0.988232,1.823848,0.021645,0.003852
2957,0.984465,0.984076,0.981107,0.988231,1.823833,0.021645,0.003852
2958,0.984466,0.984076,0.981106,0.98823,1.823817,0.021645,0.003853
2959,0.984466,0.984076,0.981106,0.988229,1.823802,0.021645,0.003854
2960,0.984466,0.984077,0.981106,0.988228,1.823787,0.021645,0.003855
2961,0.984467,0.984077,0.981105,0.988232,1.823771,0.021645,0.003851
2962,0.984467,0.984077,0.981105,0.988231,1.823756,0.021645,0.003852
2963,0.984467,0.984078,0.981105,0.988235,1.823741,0.021645,0.003848
2964,0.984468,0.984078,0.981104,0.988234,1.823725,0.021645,0.003848
2965,0.984468,0.984078,0.981104,0.988233,1.82371,0.021645,0.003849
2966,0.984468,0.984079,0.981104,0.988232,1.823694,0.021645,0.00385
2967,0.984469,0.984079,0.981103,0.988231,1.823679,0.021645,0.003851
2968,0.984469,0.984079,0.981103,0.98823,1.823664,0.021645,0.003852
2969,0.984469,0.98408,0.981103,0.98823,1.823648,0.021645,0.003852
2970,0.98447,0.98408,0.981102,0.988229,1.823633,0.021645,0.003853
2971,0.98447,0.98408,0.981102,0.988228,1.823618,0.021645,0.003854
2972,0.98447,0.984081,0.981102,0.988227,1.823602,0.021645,0.003855
2973,0.984471,0.984081,0.981101,0.988226,1.823587,0.021645,0.003856
2974,0.984471,0.984081,0.981101,0.988225,1.823572,0.021645,0.003856
2975,0.984471,0.984082,0.981101,0.988224,1.823556,0.021645,0.003857
2976,0.984472,0.984082,0.9811,0.988223,1.823541,0.021645,0.003858
2977,0.984472,0.984082,0.9811,0.988222,1.823526,0.021645,0.003859
2978,0.984472,0.984083,0.9811,0.988221,1.82351,0.021646,0.00386
2979,0.984473,0.984083,0.981099,0.988216,1.823495,0.021646,0.003865
2980,0.984473,0.984083,0.981099,0.988215,1.823479,0.021646,0.003866
2981,0.984473,0.984084,0.981099,0.988209,1.823464,0.021646,0.003872
2982,0.984474,0.984084,0.981098,0.988208,1.823449,0.021646,0.003873
2983,0.984474,0.984084,0.981098,0.988207,1.823433,0.021646,0.003873
2984,0.984474,0.984085,0.981098,0.988211,1.823418,0.021646,0.003869
2985,0.984475,0.984085,0.981097,0.988215,1.823403,0.021646,0.003865
2986,0.984475,0.984085,0.981097,0.988219,1.823387,0.021646,0.003861
2987,0.984475,0.984086,0.981097,0.988218,1.823372,0.021646,0.003862
2988,0.984476,0.984086,0.981096,0.988222,1.823357,0.021646,0.003858
2989,0.984476,0.984086,0.981096,0.988226,1.823341,0.021646,0.003854
2990,0.984476,0.984087,0.981096,0.98823,1.823326,0.021646,0.00385
2991,0.984477,0.984087,0.981095,0.988229,1.823311,0.021646,0.00385
2992,0.984477,0.984087,0.981095,0.988229,1.823295,0.021646,0.003851
2993,0.984477,0.984088,0.981095,0.988228,1.82328,0.021646,0.003852
2994,0.984478,0.984088,0.981094,0.988232,1.823264,0.021646,0.003848
2995,0.984478,0.984088,0.981094,0.988236,1.823249,0.021646,0.003844
2996,0.984478,0.984089,0.981094,0.98824,1.823234,0.021646,0.00384
2997,0.984479,0.984089,0.981093,0.988244,1.823218,0.021646,0.003836
2998,0.984479,0.984089,0.981093,0.988247,1.823203,0.021646,0.003832
2999,0.984479,0.98409,0.981093,0.988247,1.823188,0.021646,0.003833
